Semester( number like: 1st, 2nd...);Age( Years: 18, 19....);Height( inches like:1 feet);Weight:( in kg);Gender;Religion;Permanent Residence;Current Residence;Family Type;Number of siblings (numbers: 1, 2...);Father's Occupation;Mother's Occupation;Do you think your family environment is friendly?;Academic performance(CGPA like: 3.5.....);Daily average study hour;Daily social media uses hours;Relationship Status;Smoking status;Do you perform religious practice regularly?;How much satisfied with your academic activities(i,e...Presentations, Assignments, Tutorials..);Do you do any extra curricular activities?;If yes what are that...;Do you feel that in the aspect of career building your subject has adequate opportunity in our country?;Do your think your subject- related job gets enough social value in our country ;Have you ever thought about or attempted to kill yourself?;How often have you thought about killing yourself in the past year?;Have you ever told someone that you were going to commit suicide, or that you might do it?;How likely is it that you will attempt suicide someday?;How SATISFIED/dissatisfied are you with your current sleep pattern?;To what extent do you consider your sleep problem to INTERFERE with your daily functioning (e.g. daytime fatigue, ability to function at work/daily chores, concentration, memory, mood, etc.).;How NOTICEABLE to others do you think your sleeping problem is in terms of impairing the quality of your life?;How WORRIED/distressed are you about your current sleep problem?;I found it hard to wind down;"
 I was aware of the dryness of my mouth";"
I couldn’t seem to experience any positive feelings at all";"
 I experienced breathing difficulty (e.g. excessively rapid breathing, breathlessness in the absence of physical exertion)";"
 I found it difficult to work up the initiative to do things"; I tended to over-react to situations;"
I experienced trembling (e.g. in the hands)";"
I felt that I was using a lot of nervous energy";I was worried about situations in which I might panic and make a fool of myself;I felt that I had nothing to look forward to;I found myself getting agitated; I found it difficult to relax;"
 I felt down-hearted and blue";I was intolerant of anything that kept me from getting on with what I was doing;I felt I was close to panic; I was unable to become enthusiastic about anything; I felt I wasn’t worth much as a person; I felt that I was rather touchy; I was aware of the action of my heart in the absence of physical exertion (e.g. sense of heart rate increase, heart missing a beat); I felt scared without any good reason;I felt that life was meaningless
5th;24;5,6;54;Male;Islam;Urban;Rented House or Mess;Nuclear;3;Service Holder;House Wife;Dis-agree;3;1-3 hours;1-3 hours;Single;No;Regularly;No;yes;Playing;Agree;Agree;Never;Never;No;Never;Dissatisfied;A little;Somewhat;Not at all;Did not apply to me at all;Did not apply to me at all;Did not apply to me at all;Did not apply to me at all;Did not apply to me at all;Applied to me very much or most of the time;Did not apply to me at all;Did not apply to me at all;Applied to me to some degree, or some of the time;Did not apply to me at all;Did not apply to me at all;Did not apply to me at all;Did not apply to me at all;Did not apply to me at all;Did not apply to me at all;Did not apply to me at all;Did not apply to me at all;Did not apply to me at all;Did not apply to me at all;Did not apply to me at all;Did not apply to me at all
8th;21;5,1;46 kg;Female;Islam;Rural;Rented House or Mess;Nuclear;2;Business;House Wife;Agree;3,3;1-3 hours;1-3 hours;Engaged;No;Offen;yes;yes;Dance,song,painting, leadership,good communication ;Agree;Agree;Never;Never;No;Never;Satisfied;Somewhat;Much;Very Much;Applied to me very much or most of the time;Applied to me to a considerable degree or a good part of time;Did not apply to me at all;Did not apply to me at all;Did not apply to me at all;Did not apply to me at all;Did not apply to me at all;Did not apply to me at all;Did not apply to me at all;Applied to me to some degree, or some of the time;Applied to me very much or most of the time;Applied to me to a considerable degree or a good part of time;Did not apply to me at all;Did not apply to me at all;Did not apply to me at all;Did not apply to me at all;Did not apply to me at all;Did not apply to me at all;Did not apply to me at all;Did not apply to me at all;Did not apply to me at all
8th;22;5 feet ;50 kg;Female;Islam;Rural;Own House;Nuclear;0;Business;House Wife;Neural;3,39;4-6 hours;1-3 hours;Married;No;Regularly;yes;yes;Drawing ;Strongly_disagree;Agree;Never;Never;No;No chance at all;Satisfied;A little;Somewhat;Barely;Did not apply to me at all;Applied to me to a considerable degree or a good part of time;Applied to me to some degree, or some of the time;Applied to me to some degree, or some of the time;Applied to me to a considerable degree or a good part of time;Did not apply to me at all;Applied to me to some degree, or some of the time;Did not apply to me at all;Applied to me to a considerable degree or a good part of time;Applied to me to some degree, or some of the time;Applied to me to some degree, or some of the time;Applied to me to some degree, or some of the time;Applied to me to some degree, or some of the time;Applied to me to some degree, or some of the time;Did not apply to me at all;Did not apply to me at all;Applied to me to some degree, or some of the time;Applied to me to some degree, or some of the time;Applied to me to some degree, or some of the time;Applied to me to some degree, or some of the time;Applied to me to some degree, or some of the time
7th;22;5 feet 2 inch;63;Female;Islam;Urban;Own House;Nuclear;2;Service Holder;House Wife;Agree;3,88;4-6 hours;1-3 hours;Single;No;Regularly;yes;yes;I do tuitions ;Agree;Agree;It was just a brief passing thought;Often (3-4 times);No;No chance at all;Dissatisfied;Much;Barely;Not at all;Did not apply to me at all;Applied to me to some degree, or some of the time;Applied to me very much or most of the time;Applied to me very much or most of the time;Did not apply to me at all;Applied to me to some degree, or some of the time;Applied to me very much or most of the time;Applied to me to some degree, or some of the time;Applied to me very much or most of the time;Applied to me to some degree, or some of the time;Applied to me to a considerable degree or a good part of time;Did not apply to me at all;Applied to me to some degree, or some of the time;Did not apply to me at all;Applied to me very much or most of the time;Applied to me to some degree, or some of the time;Applied to me very much or most of the time;Did not apply to me at all;Applied to me to some degree, or some of the time;Applied to me to some degree, or some of the time;Applied to me very much or most of the time
5th;23;"5.5""";62kg;Male;Islam;Rural;Rented House or Mess;Nuclear;1;Business;House Wife;Strongly-agree;3,48;1-3 hours;4-6 hours;Single;No;Rarely;yes;No;No;Agree;Agree;Never;Never;No;Never;Very Dissatisfied;Very Much Interfering;Very Much Noticeable;Very Much;Did not apply to me at all;Did not apply to me at all;Did not apply to me at all;Did not apply to me at all;Applied to me to some degree, or some of the time;Applied to me to some degree, or some of the time;Did not apply to me at all;Applied to me to some degree, or some of the time;Applied to me very much or most of the time;Applied to me to some degree, or some of the time;Applied to me to some degree, or some of the time;Applied to me to some degree, or some of the time;Applied to me to some degree, or some of the time;Applied to me to some degree, or some of the time;Applied to me to some degree, or some of the time;Applied to me to some degree, or some of the time;Did not apply to me at all;Applied to me to some degree, or some of the time;Applied to me to some degree, or some of the time;Applied to me to a considerable degree or a good part of time;Applied to me to some degree, or some of the time
4th;22;5feet 7 inch;56;Male;Islam;Urban;Rented House or Mess;Nuclear;1;Business;House Wife;Agree;3;4-6 hours;1-3 hours;Single;No;Regularly;yes;yes;Dibets;Neutral;Neutral;I have had a plan at least once to kill myself but did not try to do it;Never;No;Never;Satisfied;A little;Somewhat;Not at all;Did not apply to me at all;Did not apply to me at all;Did not apply to me at all;Did not apply to me at all;Did not apply to me at all;Did not apply to me at all;Did not apply to me at all;Applied to me very much or most of the time;Applied to me very much or most of the time;Applied to me very much or most of the time;Did not apply to me at all;Applied to me very much or most of the time;Applied to me to a considerable degree or a good part of time;Applied to me to some degree, or some of the time;Did not apply to me at all;Applied to me very much or most of the time;Did not apply to me at all;Applied to me to some degree, or some of the time;Applied to me very much or most of the time;Applied to me very much or most of the time;Did not apply to me at all
7 th;22,5;5 feet 7 inches ;73;Male;Islam;Rural;Rented House or Mess;Nuclear;1;Business;House Wife;Agree;3,9;1-3 hours;1-3 hours;Single;No;Offen;No;No;MD Samiur Rahman;Neutral;Neutral;I have had a plan at least once to kill myself but did not try to do it;Very Often (5 or more times);No;Never;Moderately Satisfied;Somewhat;Somewhat;Somewhat;Applied to me to some degree, or some of the time;Applied to me to some degree, or some of the time;Did not apply to me at all;Did not apply to me at all;Did not apply to me at all;Did not apply to me at all;Did not apply to me at all;Did not apply to me at all;Did not apply to me at all;Did not apply to me at all;Did not apply to me at all;Did not apply to me at all;Did not apply to me at all;Did not apply to me at all;Did not apply to me at all;Did not apply to me at all;Did not apply to me at all;Did not apply to me at all;Did not apply to me at all;Did not apply to me at all;Did not apply to me at all
6th;23;"5.11""";72;Male;Islam;Rural;Rented House or Mess;Nuclear;1;Business;House Wife;Neural;3;7-9 hours;4-6 hours;Single;Yes;Offen;No;yes;I am a graphic designer.;Dis-agree;dis-agree;It was just a brief passing thought;Sometimes (2 times);No;No chance at all;Dissatisfied;Much;Somewhat;Much;Applied to me to some degree, or some of the time;Did not apply to me at all;Applied to me to a considerable degree or a good part of time;Applied to me to a considerable degree or a good part of time;Applied to me to some degree, or some of the time;Did not apply to me at all;Applied to me to some degree, or some of the time;Applied to me to some degree, or some of the time;Applied to me to some degree, or some of the time;Applied to me to some degree, or some of the time;Did not apply to me at all;Did not apply to me at all;Applied to me to some degree, or some of the time;Did not apply to me at all;Applied to me to some degree, or some of the time;Did not apply to me at all;Applied to me to some degree, or some of the time;Did not apply to me at all;Applied to me to a considerable degree or a good part of time;Applied to me to a considerable degree or a good part of time;Applied to me to a considerable degree or a good part of time
7th;22;5 feet 8 inch;58;Male;Islam;Urban;Rented House or Mess;Nuclear;1;Service Holder;House Wife;Neural;3.7i;1-3 hours;1-3 hours;Single;No;Offen;yes;No;Nothing ;Agree;Agree;Never;Never;No;No chance at all;Dissatisfied;Somewhat;Barely;Somewhat;Applied to me to a considerable degree or a good part of time;Applied to me very much or most of the time;Applied to me to some degree, or some of the time;Applied to me to some degree, or some of the time;Applied to me very much or most of the time;Did not apply to me at all;Did not apply to me at all;Did not apply to me at all;Did not apply to me at all;Did not apply to me at all;Did not apply to me at all;Did not apply to me at all;Did not apply to me at all;Did not apply to me at all;Did not apply to me at all;Applied to me to a considerable degree or a good part of time;Did not apply to me at all;Applied to me to some degree, or some of the time;Applied to me to some degree, or some of the time;Applied to me to a considerable degree or a good part of time;Applied to me to a considerable degree or a good part of time
5th;22;5 feet 7 inch ;63 kg;Male;Islam;Rural;Rented House or Mess;Join or Extended;4;Others;House Wife;Agree;3,15;1-3 hours;1-3 hours;Single;No;Offen;No;No;No;Neutral;Neutral;Never;Never;No;No chance at all;Dissatisfied;Somewhat;Not at all Noticeable;Somewhat;Applied to me to a considerable degree or a good part of time;Did not apply to me at all;Applied to me to some degree, or some of the time;Applied to me very much or most of the time;Did not apply to me at all;Applied to me to some degree, or some of the time;Applied to me to a considerable degree or a good part of time;Did not apply to me at all;Did not apply to me at all;Applied to me very much or most of the time;Applied to me to some degree, or some of the time;Applied to me to some degree, or some of the time;Did not apply to me at all;Did not apply to me at all;Applied to me to some degree, or some of the time;Applied to me to some degree, or some of the time;Did not apply to me at all;Applied to me to some degree, or some of the time;Applied to me to some degree, or some of the time;Did not apply to me at all;Did not apply to me at all
6th;22;5,7;70;Male;Islam;Rural;Own House;Nuclear;1;Others;House Wife;Strongly-agree;3,02;1-3 hours;1-3 hours;Single;No;Regularly;yes;yes;Sports;Strongly-agree;Strongly-agree;Never;Never;No;Never;Very Satisfied;Not at all Interfering;Not at all Noticeable;Not at all;Applied to me very much or most of the time;Did not apply to me at all;Did not apply to me at all;;Applied to me to some degree, or some of the time;Did not apply to me at all;Did not apply to me at all;Did not apply to me at all;Did not apply to me at all;Did not apply to me at all;Did not apply to me at all;Applied to me to some degree, or some of the time;Did not apply to me at all;Applied to me to some degree, or some of the time;Applied to me to some degree, or some of the time;Applied to me to some degree, or some of the time;Did not apply to me at all;Applied to me to some degree, or some of the time;Applied to me to some degree, or some of the time;Applied to me to some degree, or some of the time;Applied to me to some degree, or some of the time
5th;22;5 feet 10 inches ;65kg;Male;Islam;Rural;Rented House or Mess;Nuclear;1;Service Holder;House Wife;Agree;3,35;1-3 hours;1-3 hours;Single;No;Offen;yes;No;nothing ;Strongly-agree;Strongly-agree;Never;Never;No;No chance at all;Very Dissatisfied;Somewhat;Somewhat;Somewhat;Did not apply to me at all;Did not apply to me at all;Did not apply to me at all;Applied to me to some degree, or some of the time;Applied to me to some degree, or some of the time;Did not apply to me at all;Applied to me to some degree, or some of the time;Applied to me to some degree, or some of the time;Applied to me to some degree, or some of the time;Did not apply to me at all;Did not apply to me at all;Applied to me to some degree, or some of the time;Did not apply to me at all;Did not apply to me at all;Applied to me to some degree, or some of the time;Applied to me to some degree, or some of the time;Applied to me to some degree, or some of the time;Did not apply to me at all;Did not apply to me at all;Applied to me to some degree, or some of the time;Applied to me to some degree, or some of the time
5th;22;6 feet;73;Male;Islam;Rural;Own House;Nuclear;0;Others;House Wife;Strongly-agree;3,87;1-3 hours;1-3 hours;Single;No;Offen;yes;No;No extra curricular activity;Agree;Neutral;It was just a brief passing thought;Rarely (1 time);No;No chance at all;Satisfied;Somewhat;Not at all Noticeable;Barely;Applied to me to some degree, or some of the time;Applied to me to some degree, or some of the time;Applied to me to some degree, or some of the time;Did not apply to me at all;Applied to me to some degree, or some of the time;Applied to me to some degree, or some of the time;Applied to me to some degree, or some of the time;Applied to me to some degree, or some of the time;Applied to me to some degree, or some of the time;Applied to me to some degree, or some of the time;Applied to me to some degree, or some of the time;Applied to me to some degree, or some of the time;Applied to me to some degree, or some of the time;Applied to me to some degree, or some of the time;Applied to me to some degree, or some of the time;Did not apply to me at all;Applied to me to a considerable degree or a good part of time;Applied to me to some degree, or some of the time;Did not apply to me at all;Applied to me to some degree, or some of the time;Applied to me to a considerable degree or a good part of time
4;22;5.4 feet;57;Male;Islam;Urban;Rented House or Mess;Join or Extended;3;Business;House Wife;Agree;3,37;1-3 hours;4-6 hours;Single;No;Regularly;yes;No;nothing ;Agree;Agree;I have had a plan at least once to kill myself but did not try to do it;Never;Yes, at one time, but did not really want to die;Never;Very Dissatisfied;Somewhat;Not at all Noticeable;Somewhat;Applied to me to some degree, or some of the time;Did not apply to me at all;Did not apply to me at all;Did not apply to me at all;Applied to me very much or most of the time;Applied to me to a considerable degree or a good part of time;Did not apply to me at all;Applied to me to a considerable degree or a good part of time;Applied to me to some degree, or some of the time;Did not apply to me at all;Applied to me to a considerable degree or a good part of time;Applied to me to some degree, or some of the time;Did not apply to me at all;Applied to me to some degree, or some of the time;Applied to me to some degree, or some of the time;Applied to me very much or most of the time;Applied to me to some degree, or some of the time;Did not apply to me at all;Did not apply to me at all;Did not apply to me at all;Applied to me to some degree, or some of the time
4th;22;5.8 feet;55;Male;Islam;Rural;Rented House or Mess;Nuclear;1;Others;House Wife;Strongly-agree;3,25;7-9 hours;1-3 hours;Single;No;Offen;yes;yes;Problem solving ;Agree;Agree;Never;Never;No;Never;Satisfied;Not at all Interfering;Not at all Noticeable;Barely;Applied to me to a considerable degree or a good part of time;Did not apply to me at all;Applied to me to some degree, or some of the time;Applied to me to some degree, or some of the time;Applied to me to some degree, or some of the time;Did not apply to me at all;Did not apply to me at all;Applied to me to some degree, or some of the time;Applied to me to some degree, or some of the time;Applied to me to some degree, or some of the time;Applied to me to a considerable degree or a good part of time;Applied to me to some degree, or some of the time;Applied to me very much or most of the time;Applied to me very much or most of the time;Applied to me to some degree, or some of the time;Applied to me to a considerable degree or a good part of time;Did not apply to me at all;Applied to me very much or most of the time;Did not apply to me at all;Applied to me to some degree, or some of the time;Applied to me to some degree, or some of the time
4th;22;5,7;71;Male;Islam;Rural;Rented House or Mess;Nuclear;1;Service Holder;House Wife;Strongly-agree;3;4-6 hours;1-3 hours;Single;No;Offen;yes;No;No;Agree;Agree;Never;Never;No;Never;Dissatisfied;Much;Somewhat;Somewhat;Did not apply to me at all;Did not apply to me at all;Applied to me very much or most of the time;Did not apply to me at all;Did not apply to me at all;Did not apply to me at all;Did not apply to me at all;Did not apply to me at all;Did not apply to me at all;Did not apply to me at all;Did not apply to me at all;Did not apply to me at all;Did not apply to me at all;Did not apply to me at all;Did not apply to me at all;Did not apply to me at all;Did not apply to me at all;Did not apply to me at all;Applied to me very much or most of the time;Did not apply to me at all;Did not apply to me at all
8th;22;5,4;64;Female;Islam;Urban;Own House;Nuclear;1;Others;House Wife;Agree;3,7;1-3 hours;1-3 hours;Single;No;Offen;yes;No;Nothing ;Neutral;Agree;It was just a brief passing thought;Rarely (1 time);No;Never;Satisfied;A little;Barely;Barely;Did not apply to me at all;Did not apply to me at all;Applied to me to a considerable degree or a good part of time;Did not apply to me at all;Did not apply to me at all;Did not apply to me at all;Did not apply to me at all;Did not apply to me at all;Did not apply to me at all;Did not apply to me at all;Did not apply to me at all;Did not apply to me at all;Did not apply to me at all;Did not apply to me at all;Did not apply to me at all;Did not apply to me at all;Did not apply to me at all;Did not apply to me at all;Did not apply to me at all;Did not apply to me at all;Did not apply to me at all
7th;22;"5'3""";45;Female;Islam;Urban;Own House;Nuclear;2;Others;House Wife;Strongly-agree;3,56;1-3 hours;4-6 hours;Single;No;Offen;No;No;no;Neutral;Neutral;I have had a plan at least once to kill myself but did not try to do it;Sometimes (2 times);No;Never;Moderately Satisfied;A little;Barely;Much;Applied to me to some degree, or some of the time;Applied to me to some degree, or some of the time;Applied to me to some degree, or some of the time;Did not apply to me at all;Did not apply to me at all;Did not apply to me at all;Did not apply to me at all;Did not apply to me at all;Applied to me to some degree, or some of the time;Applied to me to some degree, or some of the time;Did not apply to me at all;Applied to me to some degree, or some of the time;Applied to me to some degree, or some of the time;Applied to me to some degree, or some of the time;Applied to me to some degree, or some of the time;Applied to me to some degree, or some of the time;Applied to me to some degree, or some of the time;Applied to me to some degree, or some of the time;Applied to me to some degree, or some of the time;Applied to me to some degree, or some of the time;Applied to me very much or most of the time
8;23;5,1;63;Female;Islam;Rural;Own House;Nuclear;1;Business;House Wife;Strongly-disagree;3,5;4-6 hours;1-3 hours;Single;No;Regularly;yes;No;Nothing ;Strongly-agree;Agree;I have attempted to kill myself, and really hoped to die;Very Often (5 or more times);Yes, at one time, and really wanted to do it;Likely;Very Dissatisfied;Very Much Interfering;Barely;Much;Did not apply to me at all;Did not apply to me at all;Applied to me to a considerable degree or a good part of time;Did not apply to me at all;Applied to me to a considerable degree or a good part of time;Applied to me to a considerable degree or a good part of time;Applied to me to some degree, or some of the time;Applied to me to a considerable degree or a good part of time;Applied to me to some degree, or some of the time;Applied to me to some degree, or some of the time;Applied to me to some degree, or some of the time;Applied to me to a considerable degree or a good part of time;Applied to me to some degree, or some of the time;Applied to me to some degree, or some of the time;Applied to me very much or most of the time;Applied to me to some degree, or some of the time;Applied to me to some degree, or some of the time;Applied to me to some degree, or some of the time;Applied to me very much or most of the time;Applied to me very much or most of the time;Applied to me very much or most of the time
5th;21;5 feet 3 inch;52;Male;Islam;Rural;Rented House or Mess;Nuclear;3;Others;Others;Agree;3,39;1-3 hours;4-6 hours;Single;No;Regularly;No;No;Nothing ;Agree;Agree;Never;Never;No;Never;Moderately Satisfied;Not at all Interfering;Not at all Noticeable;Barely;Did not apply to me at all;Did not apply to me at all;Did not apply to me at all;Applied to me to some degree, or some of the time;Applied to me to a considerable degree or a good part of time;Applied to me to some degree, or some of the time;Did not apply to me at all;Did not apply to me at all;Did not apply to me at all;Applied to me to some degree, or some of the time;Did not apply to me at all;Applied to me to some degree, or some of the time;Did not apply to me at all;Did not apply to me at all;Did not apply to me at all;Did not apply to me at all;Did not apply to me at all;Did not apply to me at all;Did not apply to me at all;Did not apply to me at all;Did not apply to me at all
8;23;5feet 2inch;45;Female;Islam;Rural;Own House;Nuclear;2;Others;House Wife;Neural;3,13;1-3 hours;1-3 hours;Single;No;Regularly;yes;No;No;Agree;Strongly-agree;Never;Never;No;Never;Very Dissatisfied;Not at all Interfering;Somewhat;Barely;Applied to me to some degree, or some of the time;Did not apply to me at all;Applied to me to some degree, or some of the time;Applied to me to a considerable degree or a good part of time;Did not apply to me at all;Did not apply to me at all;Did not apply to me at all;Applied to me to a considerable degree or a good part of time;Applied to me to a considerable degree or a good part of time;Applied to me to a considerable degree or a good part of time;Applied to me to a considerable degree or a good part of time;Applied to me to a considerable degree or a good part of time;Applied to me to some degree, or some of the time;Applied to me to a considerable degree or a good part of time;Applied to me to a considerable degree or a good part of time;Applied to me to a considerable degree or a good part of time;Applied to me to a considerable degree or a good part of time;Applied to me to a considerable degree or a good part of time;Applied to me to a considerable degree or a good part of time;Applied to me to a considerable degree or a good part of time;Applied to me to some degree, or some of the time
4 th;22;5 feet 5 inch ;68;Male;Islam;Rural;Rented House or Mess;Nuclear;1;Farmer;House Wife;Strongly-agree;3,01;1-3 hours;4-6 hours;Single;No;Offen;yes;No;singing ;Agree;Agree;Never;Never;No;Never;Dissatisfied;Somewhat;Much;Much;Did not apply to me at all;Applied to me to some degree, or some of the time;Applied to me to some degree, or some of the time;Applied to me to some degree, or some of the time;Did not apply to me at all;Applied to me to some degree, or some of the time;Did not apply to me at all;Applied to me to some degree, or some of the time;Applied to me to some degree, or some of the time;Did not apply to me at all;Did not apply to me at all;Did not apply to me at all;Did not apply to me at all;Did not apply to me at all;Did not apply to me at all;Did not apply to me at all;Did not apply to me at all;Did not apply to me at all;Did not apply to me at all;Did not apply to me at all;Did not apply to me at all
5th;20;5feet6inch;58;Male;Islam;Rural;Rented House or Mess;Join or Extended;2;Service Holder;House Wife;Agree;3,6;4-6 hours;1-3 hours;Single;No;Regularly;yes;No;No;Neutral;Agree;Never;Never;No;Never;Dissatisfied;A little;Not at all Noticeable;Much;Did not apply to me at all;Did not apply to me at all;Applied to me very much or most of the time;Applied to me very much or most of the time;Applied to me very much or most of the time;Did not apply to me at all;Did not apply to me at all;Applied to me very much or most of the time;Applied to me very much or most of the time;Applied to me very much or most of the time;Applied to me very much or most of the time;Applied to me very much or most of the time;Applied to me very much or most of the time;Applied to me very much or most of the time;Applied to me very much or most of the time;Applied to me very much or most of the time;Applied to me very much or most of the time;Did not apply to me at all;Did not apply to me at all;Did not apply to me at all;Applied to me very much or most of the time
7th;22;5.9 feet;65;Male;Islam;Urban;Own House;Nuclear;1;Business;House Wife;Agree;3,7;1-3 hours;1-3 hours;Single;No;Regularly;No;No;..;Neutral;Neutral;It was just a brief passing thought;Sometimes (2 times);No;Unlikely;Dissatisfied;Very Much Interfering;Much;Very Much;Applied to me to some degree, or some of the time;Applied to me to some degree, or some of the time;Applied to me to some degree, or some of the time;Applied to me to some degree, or some of the time;Applied to me to some degree, or some of the time;Applied to me very much or most of the time;Applied to me to some degree, or some of the time;Applied to me to a considerable degree or a good part of time;Applied to me to a considerable degree or a good part of time;Applied to me very much or most of the time;Applied to me to some degree, or some of the time;Applied to me to some degree, or some of the time;Applied to me to some degree, or some of the time;Applied to me very much or most of the time;Applied to me to some degree, or some of the time;Applied to me to a considerable degree or a good part of time;Applied to me very much or most of the time;Applied to me very much or most of the time;Applied to me to some degree, or some of the time;Applied to me to some degree, or some of the time;Applied to me very much or most of the time
5;21;5,8;65-70;Male;Islam;Urban;Rented House or Mess;Nuclear;0;Service Holder;House Wife;Neural;3;1-3 hours;4-6 hours;Single;No;Regularly;No;yes;Member of a Social organization;Dis-agree;Strongly-agree;It was just a brief passing thought;Never;No;Never;Moderately Satisfied;Not at all Interfering;Somewhat;Not at all;Did not apply to me at all;Did not apply to me at all;Did not apply to me at all;Applied to me to some degree, or some of the time;Applied to me to some degree, or some of the time;Did not apply to me at all;Did not apply to me at all;Did not apply to me at all;Applied to me to some degree, or some of the time;Did not apply to me at all;Did not apply to me at all;Applied to me to some degree, or some of the time;Did not apply to me at all;Applied to me to some degree, or some of the time;Did not apply to me at all;Did not apply to me at all;Applied to me very much or most of the time;Did not apply to me at all;Applied to me to some degree, or some of the time;Did not apply to me at all;Applied to me very much or most of the time
5th;21;5 feet 5 inch;58kg;Male;Islam;Urban;Own House;Nuclear;1;Business;House Wife;Neural;3,44;1-3 hours;1-3 hours;Single;No;Regularly;No;No;No;Strongly_disagree;dis-agree;Never;Never;No;Never;Dissatisfied;Very Much Interfering;Barely;Barely;Did not apply to me at all;Did not apply to me at all;Did not apply to me at all;Did not apply to me at all;Did not apply to me at all;Did not apply to me at all;Did not apply to me at all;Did not apply to me at all;Did not apply to me at all;Did not apply to me at all;Did not apply to me at all;Applied to me to a considerable degree or a good part of time;Did not apply to me at all;Did not apply to me at all;Did not apply to me at all;Applied to me to some degree, or some of the time;Applied to me to some degree, or some of the time;Did not apply to me at all;Applied to me to a considerable degree or a good part of time;Applied to me to some degree, or some of the time;Did not apply to me at all
6th;22;"5'6""";75;Female;Islam;Urban;Rented House or Mess;Nuclear;1;Service Holder;Service Holder;Agree;3,97;1-3 hours;4-6 hours;Single;No;Offen;yes;yes;Joined a varsity club, holding an executive position there working as volunteer in different programs. ;Neutral;dis-agree;It was just a brief passing thought;Sometimes (2 times);No;No chance at all;Moderately Satisfied;Somewhat;Barely;Barely;Did not apply to me at all;Did not apply to me at all;Applied to me to some degree, or some of the time;Did not apply to me at all;Applied to me to some degree, or some of the time;Applied to me to a considerable degree or a good part of time;Did not apply to me at all;Applied to me to some degree, or some of the time;Applied to me to a considerable degree or a good part of time;Applied to me very much or most of the time;Applied to me to a considerable degree or a good part of time;Applied to me to a considerable degree or a good part of time;Applied to me to some degree, or some of the time;Applied to me to some degree, or some of the time;Applied to me to a considerable degree or a good part of time;Applied to me to some degree, or some of the time;Applied to me very much or most of the time;Did not apply to me at all;Did not apply to me at all;Applied to me to a considerable degree or a good part of time;Applied to me to some degree, or some of the time
4;19;5 feet 1 inch;40 kg;Female;Islam;Rural;Rented House or Mess;Nuclear;1;Service Holder;House Wife;Neural;3,88;7-9 hours;1-3 hours;Single;No;Offen;No;No;It's a no;Agree;Neutral;It was just a brief passing thought;Very Often (5 or more times);Yes, more than once, but did not want to do it;Never;Very Satisfied;Not at all Interfering;Very Much Noticeable;Not at all;Applied to me to some degree, or some of the time;Applied to me to some degree, or some of the time;Applied to me to some degree, or some of the time;Applied to me to some degree, or some of the time;Did not apply to me at all;Applied to me to some degree, or some of the time;Applied to me to some degree, or some of the time;Applied to me to some degree, or some of the time;Applied to me to some degree, or some of the time;Applied to me to some degree, or some of the time;Applied to me to some degree, or some of the time;Applied to me to some degree, or some of the time;Applied to me to some degree, or some of the time;Applied to me to some degree, or some of the time;Applied to me to some degree, or some of the time;Did not apply to me at all;Applied to me to some degree, or some of the time;Did not apply to me at all;Applied to me very much or most of the time;Applied to me to some degree, or some of the time;Applied to me to some degree, or some of the time
6th;24;5 feet 2 inch ;46;Male;Islam;Urban;Rented House or Mess;Nuclear;1;Service Holder;House Wife;Agree;3,14;1-3 hours;4-6 hours;Single;No;Offen;yes;No;I don’t do extra curriculum activity ;Neutral;Agree;I have had a plan at least once to kill myself and really wanted to die;Never;Yes, at one time, and really wanted to do it;Never;Moderately Satisfied;Somewhat;Barely;Somewhat;Applied to me to some degree, or some of the time;Applied to me to some degree, or some of the time;Applied to me to some degree, or some of the time;Applied to me to a considerable degree or a good part of time;Applied to me to some degree, or some of the time;Applied to me to some degree, or some of the time;Did not apply to me at all;Applied to me to some degree, or some of the time;Applied to me to a considerable degree or a good part of time;Applied to me to a considerable degree or a good part of time;Applied to me to a considerable degree or a good part of time;Applied to me to a considerable degree or a good part of time;Applied to me to a considerable degree or a good part of time;Applied to me to some degree, or some of the time;Applied to me to a considerable degree or a good part of time;Applied to me to some degree, or some of the time;Applied to me to some degree, or some of the time;Applied to me to a considerable degree or a good part of time;Applied to me to a considerable degree or a good part of time;Did not apply to me at all;Applied to me to some degree, or some of the time
7 th;21;5 feet 4 inche;49;Female;Islam;Urban;Rented House or Mess;Nuclear;2;Business;House Wife;Neural;3,17;1-3 hours;7-9 hours;Single;No;Rarely;yes;No;None ;Agree;Agree;Never;Never;No;Never;Moderately Satisfied;A little;Barely;Barely;Applied to me to some degree, or some of the time;Did not apply to me at all;Applied to me to some degree, or some of the time;Did not apply to me at all;Applied to me to some degree, or some of the time;Did not apply to me at all;Applied to me to some degree, or some of the time;Applied to me to some degree, or some of the time;Applied to me to a considerable degree or a good part of time;Applied to me to some degree, or some of the time;Applied to me to some degree, or some of the time;Applied to me to some degree, or some of the time;Applied to me to some degree, or some of the time;Did not apply to me at all;Applied to me to some degree, or some of the time;Applied to me to a considerable degree or a good part of time;Did not apply to me at all;Applied to me to some degree, or some of the time;Applied to me to some degree, or some of the time;Applied to me to some degree, or some of the time;Did not apply to me at all
6th;23;5 feet 3 inches ;50kg;Female;Islam;Rural;Rented House or Mess;Nuclear;3;Business;Others;Agree;3,54;1-3 hours;1-3 hours;Single;No;Regularly;yes;No;No;Agree;Agree;I have had a plan at least once to kill myself and really wanted to die;Very Often (5 or more times);No;Rather Unlikely;Moderately Satisfied;Not at all Interfering;Barely;Not at all;Did not apply to me at all;Did not apply to me at all;Did not apply to me at all;Applied to me very much or most of the time;Applied to me very much or most of the time;Applied to me very much or most of the time;Applied to me to a considerable degree or a good part of time;Applied to me very much or most of the time;Applied to me very much or most of the time;Applied to me very much or most of the time;Applied to me very much or most of the time;Applied to me very much or most of the time;Applied to me very much or most of the time;Applied to me very much or most of the time;Applied to me very much or most of the time;Applied to me very much or most of the time;Applied to me very much or most of the time;Applied to me very much or most of the time;Applied to me very much or most of the time;Applied to me very much or most of the time;Applied to me very much or most of the time
4th;22;5;55;Female;Islam;Rural;Rented House or Mess;Nuclear;2;Business;Others;Agree;3,28;1-3 hours;4-6 hours;Single;No;Offen;No;No;Nothing new ;Agree;Strongly-agree;I have had a plan at least once to kill myself but did not try to do it;Sometimes (2 times);No;Never;Moderately Satisfied;Very Much Interfering;Not at all Noticeable;Barely;Applied to me to a considerable degree or a good part of time;Applied to me very much or most of the time;Applied to me to a considerable degree or a good part of time;Applied to me to some degree, or some of the time;Applied to me to a considerable degree or a good part of time;Did not apply to me at all;Applied to me to some degree, or some of the time;Applied to me to a considerable degree or a good part of time;Applied to me to a considerable degree or a good part of time;Did not apply to me at all;Did not apply to me at all;Did not apply to me at all;Did not apply to me at all;Applied to me to some degree, or some of the time;Applied to me very much or most of the time;Did not apply to me at all;Did not apply to me at all;Did not apply to me at all;Applied to me very much or most of the time;Did not apply to me at all;Did not apply to me at all
8th;24;5 ft 9.5 inch;60;Male;Islam;Urban;Rented House or Mess;Nuclear;2;Others;House Wife;Neural;3,43;1-3 hours;4-6 hours;Single;No;Offen;No;yes;Chess;Neutral;Neutral;I have had a plan at least once to kill myself but did not try to do it;Rarely (1 time);No;Never;Moderately Satisfied;A little;Not at all Noticeable;Not at all;Did not apply to me at all;Did not apply to me at all;Did not apply to me at all;Did not apply to me at all;Did not apply to me at all;Did not apply to me at all;Did not apply to me at all;Did not apply to me at all;Did not apply to me at all;Did not apply to me at all;Did not apply to me at all;Did not apply to me at all;Did not apply to me at all;Did not apply to me at all;Did not apply to me at all;Did not apply to me at all;Did not apply to me at all;Did not apply to me at all;Did not apply to me at all;Did not apply to me at all;Did not apply to me at all
7th;23;5feet 2inch;45kg;Female;Islam;Urban;Rented House or Mess;Nuclear;3;Others;House Wife;Strongly-agree;3,73;4-6 hours;4-6 hours;Single;No;Regularly;No;yes;I do arts sometimes and I am a academic mentor ;Agree;Agree;Never;Often (3-4 times);No;Never;Very Satisfied;Very Much Interfering;Not at all Noticeable;Not at all;Did not apply to me at all;Did not apply to me at all;Applied to me to a considerable degree or a good part of time;Did not apply to me at all;Did not apply to me at all;Did not apply to me at all;Applied to me to some degree, or some of the time;Applied to me to some degree, or some of the time;Applied to me to some degree, or some of the time;Did not apply to me at all;Applied to me to some degree, or some of the time;Did not apply to me at all;Applied to me to a considerable degree or a good part of time;Applied to me to some degree, or some of the time;Did not apply to me at all;Did not apply to me at all;Did not apply to me at all;Applied to me to some degree, or some of the time;Applied to me to some degree, or some of the time;Applied to me to some degree, or some of the time;Did not apply to me at all
8th;23;5 feet 2 inches;68;Female;Islam;Urban;Rented House or Mess;Nuclear;2;Service Holder;Service Holder;Strongly-agree;3,7;1-3 hours;4-6 hours;Single;No;Offen;No;No;No;Agree;Agree;Never;Never;No;Never;Moderately Satisfied;Somewhat;Somewhat;Somewhat;Applied to me to some degree, or some of the time;Applied to me to a considerable degree or a good part of time;Applied to me to a considerable degree or a good part of time;Applied to me to some degree, or some of the time;Applied to me to some degree, or some of the time;Applied to me to a considerable degree or a good part of time;Applied to me to some degree, or some of the time;Applied to me to some degree, or some of the time;Applied to me to a considerable degree or a good part of time;Applied to me very much or most of the time;Applied to me to some degree, or some of the time;Applied to me to a considerable degree or a good part of time;Applied to me very much or most of the time;Applied to me to a considerable degree or a good part of time;Applied to me to a considerable degree or a good part of time;Applied to me to a considerable degree or a good part of time;Applied to me to a considerable degree or a good part of time;Applied to me to a considerable degree or a good part of time;Applied to me to a considerable degree or a good part of time;Applied to me to a considerable degree or a good part of time;Applied to me very much or most of the time
7th;21;"5'4""";65;Female;Islam;Rural;Rented House or Mess;Nuclear;2;Business;House Wife;Agree;3,21;4-6 hours;4-6 hours;Single;No;Offen;No;No;Nothing ;Neutral;Neutral;I have had a plan at least once to kill myself but did not try to do it;Often (3-4 times);No;Rather Unlikely;Moderately Satisfied;A little;Much;Not at all;Applied to me to some degree, or some of the time;Did not apply to me at all;Applied to me to a considerable degree or a good part of time;Applied to me to a considerable degree or a good part of time;Applied to me to some degree, or some of the time;Did not apply to me at all;Did not apply to me at all;Applied to me very much or most of the time;Applied to me to a considerable degree or a good part of time;Applied to me to a considerable degree or a good part of time;Applied to me to some degree, or some of the time;Applied to me to some degree, or some of the time;Applied to me very much or most of the time;Applied to me to a considerable degree or a good part of time;Applied to me very much or most of the time;Applied to me to some degree, or some of the time;Applied to me very much or most of the time;Applied to me to a considerable degree or a good part of time;Applied to me to a considerable degree or a good part of time;Applied to me very much or most of the time;Applied to me very much or most of the time
5th;20;5 feet 2inch;44kg;Female;Islam;Rural;Rented House or Mess;Nuclear;2;Others;House Wife;Agree;3,5;4-6 hours;4-6 hours;Single;No;Regularly;yes;No;Answer is no;Agree;Agree;Never;Never;No;Never;Satisfied;A little;Not at all Noticeable;Not at all;Did not apply to me at all;Applied to me to a considerable degree or a good part of time;Applied to me to a considerable degree or a good part of time;Did not apply to me at all;Did not apply to me at all;Applied to me to some degree, or some of the time;Did not apply to me at all;Did not apply to me at all;Did not apply to me at all;Did not apply to me at all;Applied to me to some degree, or some of the time;Did not apply to me at all;Did not apply to me at all;Did not apply to me at all;Did not apply to me at all;Did not apply to me at all;Did not apply to me at all;Applied to me to some degree, or some of the time;Did not apply to me at all;Did not apply to me at all;Applied to me to some degree, or some of the time
4th;22;5,7;75;Male;Islam;Urban;Own House;Nuclear;3;Business;House Wife;Strongly-agree;3,84;1-3 hours;1-3 hours;Single;No;Regularly;yes;yes;I am a Javascript developer;Neutral;Neutral;Never;Never;No;Never;Satisfied;A little;Barely;Not at all;Did not apply to me at all;Did not apply to me at all;Did not apply to me at all;Did not apply to me at all;Did not apply to me at all;Did not apply to me at all;Did not apply to me at all;Did not apply to me at all;Did not apply to me at all;Did not apply to me at all;Did not apply to me at all;Did not apply to me at all;Did not apply to me at all;Did not apply to me at all;Did not apply to me at all;Did not apply to me at all;Did not apply to me at all;Did not apply to me at all;Did not apply to me at all;Did not apply to me at all;Did not apply to me at all
4th;23;5'5'';55;Male;Islam;Rural;Rented House or Mess;Join or Extended;1;Others;House Wife;Agree;3,84;1-3 hours;1-3 hours;Single;No;Offen;No;No;N/A;Agree;Neutral;Never;Never;No;Never;Dissatisfied;A little;Barely;Somewhat;Applied to me to some degree, or some of the time;Applied to me to some degree, or some of the time;Applied to me to some degree, or some of the time;Did not apply to me at all;Applied to me to some degree, or some of the time;Applied to me to some degree, or some of the time;Applied to me to some degree, or some of the time;Applied to me to some degree, or some of the time;Applied to me to some degree, or some of the time;Applied to me to a considerable degree or a good part of time;Applied to me to some degree, or some of the time;Applied to me to some degree, or some of the time;Applied to me to some degree, or some of the time;Applied to me to some degree, or some of the time;Applied to me to some degree, or some of the time;Applied to me to some degree, or some of the time;Did not apply to me at all;Applied to me to some degree, or some of the time;Applied to me to some degree, or some of the time;Did not apply to me at all;Did not apply to me at all
6th;22;5 feet 7 inch;85kg;Male;Islam;Urban;Rented House or Mess;Nuclear;1;Business;House Wife;Neural;3,72;1-3 hours;1-3 hours;Single;No;Regularly;No;No;no;Agree;Agree;Never;Never;No;Never;Very Dissatisfied;Much;Much;Very Much;Did not apply to me at all;Did not apply to me at all;Did not apply to me at all;Did not apply to me at all;Did not apply to me at all;Did not apply to me at all;Did not apply to me at all;Did not apply to me at all;Did not apply to me at all;Did not apply to me at all;Did not apply to me at all;Did not apply to me at all;Did not apply to me at all;Did not apply to me at all;Did not apply to me at all;Did not apply to me at all;Did not apply to me at all;Did not apply to me at all;Did not apply to me at all;Did not apply to me at all;Did not apply to me at all
4;23;65;50;Male;Islam;Urban;Rented House or Mess;Join or Extended;1;Business;House Wife;Strongly-agree;3,4;1-3 hours;1-3 hours;Single;Yes;Regularly;yes;yes;Business, Coding, Sales Consultancy, Business Consulting;Neutral;Neutral;Never;Never;No;Never;Moderately Satisfied;Somewhat;Barely;Barely;Did not apply to me at all;Did not apply to me at all;Did not apply to me at all;Did not apply to me at all;Did not apply to me at all;Did not apply to me at all;Did not apply to me at all;Did not apply to me at all;Did not apply to me at all;Did not apply to me at all;Did not apply to me at all;Did not apply to me at all;Did not apply to me at all;Did not apply to me at all;Did not apply to me at all;Did not apply to me at all;Did not apply to me at all;Did not apply to me at all;Did not apply to me at all;Did not apply to me at all;Did not apply to me at all
5th;22;5 feet;58;Female;Islam;Urban;Rented House or Mess;Nuclear;1;Service Holder;House Wife;Strongly-agree;3,5;1-3 hours;1-3 hours;Single;No;Offen;yes;yes;Recitation painting ;Agree;Agree;Never;Rarely (1 time);Yes, at one time, and really wanted to do it;No chance at all;Satisfied;A little;Barely;Barely;Did not apply to me at all;Did not apply to me at all;Did not apply to me at all;Did not apply to me at all;Did not apply to me at all;Did not apply to me at all;Did not apply to me at all;Did not apply to me at all;Did not apply to me at all;Applied to me to some degree, or some of the time;Did not apply to me at all;Applied to me to a considerable degree or a good part of time;Did not apply to me at all;Did not apply to me at all;Did not apply to me at all;Did not apply to me at all;Did not apply to me at all;Did not apply to me at all;Did not apply to me at all;Did not apply to me at all;Did not apply to me at all
5th;22;5;54;Female;Islam;Urban;Own House;Nuclear;1;Business;House Wife;Agree;3;1-3 hours;1-3 hours;Married;No;Offen;No;No;No;Neutral;Strongly-disagree;I have had a plan at least once to kill myself and really wanted to die;Often (3-4 times);No;Never;Dissatisfied;Very Much Interfering;Somewhat;Very Much;Applied to me to a considerable degree or a good part of time;Applied to me to a considerable degree or a good part of time;Applied to me to a considerable degree or a good part of time;Applied to me to some degree, or some of the time;Applied to me very much or most of the time;Applied to me to a considerable degree or a good part of time;Applied to me very much or most of the time;Applied to me very much or most of the time;Applied to me very much or most of the time;Applied to me very much or most of the time;Applied to me very much or most of the time;Applied to me very much or most of the time;Applied to me very much or most of the time;Applied to me very much or most of the time;Applied to me to a considerable degree or a good part of time;Applied to me very much or most of the time;Applied to me very much or most of the time;Applied to me to a considerable degree or a good part of time;Applied to me to a considerable degree or a good part of time;Applied to me to a considerable degree or a good part of time;Applied to me very much or most of the time
5th;22;5 feet 2 inche;44;Female;Islam;Rural;Rented House or Mess;Join or Extended;3;Business;Service Holder;Agree;3;1-3 hours;1-3 hours;Single;No;Rarely;yes;yes;Cooking, reciting ;Strongly-agree;Agree;Never;Never;No;Never;Moderately Satisfied;A little;Not at all Noticeable;Somewhat;Did not apply to me at all;Did not apply to me at all;Applied to me to a considerable degree or a good part of time;Applied to me to some degree, or some of the time;Did not apply to me at all;Applied to me to some degree, or some of the time;Applied to me to some degree, or some of the time;Applied to me to some degree, or some of the time;Applied to me to some degree, or some of the time;Applied to me to some degree, or some of the time;Applied to me to some degree, or some of the time;Did not apply to me at all;Applied to me to some degree, or some of the time;Applied to me to some degree, or some of the time;Applied to me to some degree, or some of the time;Did not apply to me at all;Applied to me to some degree, or some of the time;Did not apply to me at all;Applied to me to some degree, or some of the time;Applied to me to some degree, or some of the time;Did not apply to me at all
7th;22;5,5;38;Female;Islam;Rural;Own House;Nuclear;0;Business;Others;Neural;3,71;1-3 hours;1-3 hours;Single;No;Regularly;yes;yes;Student ambassador ;Agree;Agree;I have had a plan at least once to kill myself but did not try to do it;Sometimes (2 times);Yes, at one time, but did not really want to die;Never;Very Dissatisfied;Very Much Interfering;Very Much Noticeable;Very Much;Applied to me very much or most of the time;Applied to me very much or most of the time;Applied to me very much or most of the time;Did not apply to me at all;Applied to me to a considerable degree or a good part of time;Applied to me to some degree, or some of the time;Applied to me to some degree, or some of the time;Applied to me to some degree, or some of the time;Applied to me to a considerable degree or a good part of time;Applied to me to a considerable degree or a good part of time;Applied to me to some degree, or some of the time;Applied to me to a considerable degree or a good part of time;Applied to me to a considerable degree or a good part of time;Applied to me very much or most of the time;Applied to me to some degree, or some of the time;Applied to me to a considerable degree or a good part of time;Applied to me to some degree, or some of the time;Did not apply to me at all;Did not apply to me at all;Applied to me to some degree, or some of the time;Did not apply to me at all
5th ;22;1,8;54;Male;Islam;Urban;Rented House or Mess;Join or Extended;12;Others;House Wife;Agree;2,84;1-3 hours;1-3 hours;Single;No;Regularly;yes;yes;Learn online courses ;Agree;Neutral;Never;Never;No;Never;Satisfied;Somewhat;Somewhat;Not at all;Did not apply to me at all;Did not apply to me at all;Did not apply to me at all;Did not apply to me at all;Did not apply to me at all;Did not apply to me at all;Did not apply to me at all;Did not apply to me at all;Applied to me to some degree, or some of the time;Did not apply to me at all;Did not apply to me at all;Did not apply to me at all;Did not apply to me at all;Did not apply to me at all;Did not apply to me at all;Did not apply to me at all;Did not apply to me at all;Did not apply to me at all;Did not apply to me at all;Did not apply to me at all;Did not apply to me at all
5;22;5'7'';75;Male;Islam;Urban;Rented House or Mess;Nuclear;3;Farmer;House Wife;Strongly-agree;3,07;1-3 hours;>=9 hours;Single;No;Regularly;yes;No;nope;Neutral;Neutral;It was just a brief passing thought;Rarely (1 time);No;No chance at all;Very Dissatisfied;Very Much Interfering;Somewhat;Somewhat;Did not apply to me at all;Did not apply to me at all;Did not apply to me at all;Did not apply to me at all;Applied to me to a considerable degree or a good part of time;Did not apply to me at all;Did not apply to me at all;Did not apply to me at all;Applied to me to some degree, or some of the time;Applied to me to some degree, or some of the time;Did not apply to me at all;Did not apply to me at all;Applied to me to some degree, or some of the time;Applied to me to some degree, or some of the time;Did not apply to me at all;Applied to me very much or most of the time;Applied to me very much or most of the time;Applied to me to some degree, or some of the time;Did not apply to me at all;Did not apply to me at all;Applied to me to some degree, or some of the time
7;23;5,2;52;Female;Hindu;Urban;Rented House or Mess;Nuclear;3;Service Holder;House Wife;Neural;2,83;1-3 hours;1-3 hours;Single;No;Regularly;yes;yes;I have done many many in Iubat it society ;Agree;Agree;It was just a brief passing thought;Rarely (1 time);No;Unlikely;Dissatisfied;A little;Very Much Noticeable;Much;Did not apply to me at all;Did not apply to me at all;Did not apply to me at all;Did not apply to me at all;Did not apply to me at all;Applied to me to some degree, or some of the time;Applied to me very much or most of the time;Applied to me very much or most of the time;Applied to me very much or most of the time;Applied to me very much or most of the time;Applied to me very much or most of the time;Did not apply to me at all;Applied to me very much or most of the time;Did not apply to me at all;Applied to me very much or most of the time;Applied to me very much or most of the time;Applied to me to some degree, or some of the time;Did not apply to me at all;Did not apply to me at all;Applied to me very much or most of the time;Applied to me very much or most of the time
6th;22;5 feet;44kg;Female;Islam;Urban;Own House;Join or Extended;2;Service Holder;House Wife;Strongly-agree;3,82;4-6 hours;1-3 hours;Single;No;Regularly;yes;No;No;Neutral;Neutral;Never;Never;No;Never;Moderately Satisfied;Much;Much;Somewhat;Applied to me to some degree, or some of the time;Applied to me very much or most of the time;Applied to me very much or most of the time;Did not apply to me at all;Did not apply to me at all;Applied to me very much or most of the time;Applied to me very much or most of the time;Did not apply to me at all;Applied to me very much or most of the time;Did not apply to me at all;Applied to me very much or most of the time;Did not apply to me at all;Applied to me to some degree, or some of the time;Applied to me to some degree, or some of the time;Applied to me to some degree, or some of the time;Applied to me to some degree, or some of the time;Did not apply to me at all;Applied to me very much or most of the time;Applied to me to a considerable degree or a good part of time;Did not apply to me at all;Did not apply to me at all
4th;22;5 feet 8 inches;54;Male;Islam;Rural;Rented House or Mess;Nuclear;3;Business;House Wife;Agree;3,4;1-3 hours;1-3 hours;Single;No;Offen;yes;yes;Competitive programming;Neutral;Neutral;Never;Never;No;Never;Satisfied;Not at all Interfering;Not at all Noticeable;Not at all;Did not apply to me at all;Did not apply to me at all;Did not apply to me at all;Did not apply to me at all;Did not apply to me at all;Did not apply to me at all;Did not apply to me at all;Did not apply to me at all;Did not apply to me at all;Did not apply to me at all;Did not apply to me at all;Did not apply to me at all;Did not apply to me at all;Did not apply to me at all;Did not apply to me at all;Did not apply to me at all;Did not apply to me at all;Did not apply to me at all;Did not apply to me at all;Did not apply to me at all;Did not apply to me at all
5th;21;5.2';53;Female;Islam;Urban;Rented House or Mess;Nuclear;1;Service Holder;House Wife;Agree;3,86;1-3 hours;4-6 hours;Single;No;Offen;yes;No;no;Neutral;Agree;I have had a plan at least once to kill myself and really wanted to die;Sometimes (2 times);No;Never;Very Satisfied;Somewhat;Somewhat;Somewhat;Applied to me to some degree, or some of the time;Applied to me to a considerable degree or a good part of time;Applied to me to some degree, or some of the time;Applied to me to some degree, or some of the time;Applied to me to some degree, or some of the time;Did not apply to me at all;Did not apply to me at all;Applied to me to some degree, or some of the time;Applied to me to a considerable degree or a good part of time;Applied to me to a considerable degree or a good part of time;Applied to me to some degree, or some of the time;Did not apply to me at all;Did not apply to me at all;Applied to me to some degree, or some of the time;Applied to me to some degree, or some of the time;Applied to me to some degree, or some of the time;Applied to me to some degree, or some of the time;Did not apply to me at all;Applied to me to some degree, or some of the time;Did not apply to me at all;Did not apply to me at all
5th;21;5 feet 4 inch;54 kg;Male;Islam;Rural;Rented House or Mess;Nuclear;2;Service Holder;House Wife;Agree;3,26;1-3 hours;4-6 hours;Single;No;Regularly;No;yes;Web Development;Neutral;Neutral;Never;Never;No;Never;Dissatisfied;A little;Barely;Not at all;Did not apply to me at all;Applied to me very much or most of the time;Did not apply to me at all;Did not apply to me at all;Did not apply to me at all;Applied to me very much or most of the time;Did not apply to me at all;Did not apply to me at all;Did not apply to me at all;Did not apply to me at all;Did not apply to me at all;Did not apply to me at all;Did not apply to me at all;Did not apply to me at all;Did not apply to me at all;Did not apply to me at all;Did not apply to me at all;Did not apply to me at all;Applied to me very much or most of the time;Did not apply to me at all;Applied to me to some degree, or some of the time
6 th;21;"5'11""";85;Male;Islam;Rural;Rented House or Mess;Nuclear;2;Others;House Wife;Agree;3,31;1-3 hours;1-3 hours;Single;No;Offen;No;No;I don't have any ;Strongly_disagree;Agree;I have had a plan at least once to kill myself and really wanted to die;Very Often (5 or more times);No;Likely;Very Dissatisfied;Very Much Interfering;Barely;Very Much;Applied to me to a considerable degree or a good part of time;Applied to me to a considerable degree or a good part of time;Did not apply to me at all;Did not apply to me at all;Did not apply to me at all;Did not apply to me at all;Did not apply to me at all;Applied to me to a considerable degree or a good part of time;Did not apply to me at all;Did not apply to me at all;Did not apply to me at all;Did not apply to me at all;Did not apply to me at all;Did not apply to me at all;Did not apply to me at all;Did not apply to me at all;Did not apply to me at all;Did not apply to me at all;Did not apply to me at all;Did not apply to me at all;Did not apply to me at all
8th;23;6 feet 1 inch;80 kg;Male;Islam;Rural;Rented House or Mess;Nuclear;1;Service Holder;House Wife;Neural;3,63;1-3 hours;4-6 hours;Single;No;Regularly;yes;No;Nothing ;Agree;Agree;Never;Never;No;Never;Moderately Satisfied;Somewhat;Not at all Noticeable;Somewhat;Applied to me to some degree, or some of the time;Applied to me to some degree, or some of the time;Did not apply to me at all;Applied to me to some degree, or some of the time;Applied to me to some degree, or some of the time;Applied to me to some degree, or some of the time;Applied to me to some degree, or some of the time;Applied to me to some degree, or some of the time;Applied to me to some degree, or some of the time;Applied to me to a considerable degree or a good part of time;Applied to me to some degree, or some of the time;Applied to me to some degree, or some of the time;Applied to me to some degree, or some of the time;Did not apply to me at all;Applied to me to some degree, or some of the time;Applied to me to some degree, or some of the time;Applied to me to some degree, or some of the time;Applied to me to some degree, or some of the time;Applied to me to some degree, or some of the time;Applied to me to some degree, or some of the time;Applied to me to some degree, or some of the time
2nd;22;5 feet 7 inches;74;Male;Islam;Urban;Rented House or Mess;Nuclear;1;Business;House Wife;Strongly-agree;3,89;4-6 hours;4-6 hours;Single;No;Offen;yes;No;Nothing;Strongly-agree;Agree;Never;Never;No;Never;Satisfied;A little;Somewhat;Not at all;Applied to me to a considerable degree or a good part of time;Did not apply to me at all;Did not apply to me at all;Did not apply to me at all;Did not apply to me at all;Did not apply to me at all;Did not apply to me at all;Did not apply to me at all;Did not apply to me at all;Did not apply to me at all;Did not apply to me at all;Did not apply to me at all;Did not apply to me at all;Did not apply to me at all;Did not apply to me at all;Did not apply to me at all;Did not apply to me at all;Did not apply to me at all;Did not apply to me at all;Did not apply to me at all;Did not apply to me at all
5th;22;5 feet 10 inch;72;Male;Islam;Urban;Rented House or Mess;Join or Extended;1;Business;House Wife;Strongly-agree;3,25;1-3 hours;1-3 hours;Single;No;Offen;yes;yes;Teaching students ;Agree;Strongly-agree;Never;Never;No;Never;Satisfied;A little;Not at all Noticeable;Not at all;Did not apply to me at all;Did not apply to me at all;Did not apply to me at all;Did not apply to me at all;Did not apply to me at all;Did not apply to me at all;Did not apply to me at all;Did not apply to me at all;Did not apply to me at all;Did not apply to me at all;Did not apply to me at all;Did not apply to me at all;Did not apply to me at all;Did not apply to me at all;Did not apply to me at all;Did not apply to me at all;Applied to me to some degree, or some of the time;Did not apply to me at all;Did not apply to me at all;Applied to me to some degree, or some of the time;Did not apply to me at all
5th;22;5 feet 3 inch;56;Female;Islam;Urban;Own House;Nuclear;1;Business;House Wife;Agree;3,71;1-3 hours;1-3 hours;Single;No;Regularly;No;No;Nothing;Agree;Neutral;I have had a plan at least once to kill myself but did not try to do it;Very Often (5 or more times);Yes, at one time, but did not really want to die;No chance at all;Moderately Satisfied;Somewhat;Somewhat;Barely;Did not apply to me at all;Applied to me to some degree, or some of the time;Applied to me to some degree, or some of the time;Applied to me to some degree, or some of the time;Applied to me to some degree, or some of the time;Applied to me to some degree, or some of the time;Applied to me to some degree, or some of the time;Applied to me to some degree, or some of the time;Applied to me to some degree, or some of the time;Did not apply to me at all;Applied to me to some degree, or some of the time;Applied to me to some degree, or some of the time;Applied to me to some degree, or some of the time;Applied to me to some degree, or some of the time;Applied to me to some degree, or some of the time;Applied to me to some degree, or some of the time;Applied to me to some degree, or some of the time;Applied to me to some degree, or some of the time;Applied to me to some degree, or some of the time;Applied to me to some degree, or some of the time;Applied to me to some degree, or some of the time
4semrster;22;"5.7""";57 kg;Male;Islam;Rural;Rented House or Mess;Nuclear;2;Business;House Wife;Agree;3,2;4-6 hours;1-3 hours;Single;No;Regularly;yes;yes;science project innovation ;Neutral;Agree;Never;Never;No;Never;Moderately Satisfied;Somewhat;Not at all Noticeable;Not at all;Did not apply to me at all;Did not apply to me at all;Did not apply to me at all;Applied to me very much or most of the time;Did not apply to me at all;Applied to me very much or most of the time;Did not apply to me at all;Did not apply to me at all;Did not apply to me at all;Did not apply to me at all;Did not apply to me at all;Did not apply to me at all;Did not apply to me at all;Did not apply to me at all;Did not apply to me at all;Did not apply to me at all;Did not apply to me at all;Did not apply to me at all;Did not apply to me at all;Did not apply to me at all;Did not apply to me at all
2nd;22;5 feet 4.5 inches ;69;Female;Islam;Urban;Own House;Nuclear;3 including me;Service Holder;House Wife;Strongly-agree;3,63;1-3 hours;1-3 hours;Married;No;Offen;No;No;-;Dis-agree;dis-agree;It was just a brief passing thought;Rarely (1 time);Yes, at one time, but did not really want to die;No chance at all;Very Dissatisfied;Very Much Interfering;Very Much Noticeable;Very Much;Applied to me to some degree, or some of the time;Applied to me to some degree, or some of the time;Applied to me very much or most of the time;Applied to me to some degree, or some of the time;Applied to me very much or most of the time;Applied to me very much or most of the time;Applied to me very much or most of the time;Applied to me to a considerable degree or a good part of time;Applied to me very much or most of the time;Applied to me very much or most of the time;Applied to me very much or most of the time;Applied to me very much or most of the time;Applied to me very much or most of the time;Applied to me to some degree, or some of the time;Applied to me to some degree, or some of the time;Applied to me very much or most of the time;Applied to me very much or most of the time;Did not apply to me at all;Did not apply to me at all;Applied to me to a considerable degree or a good part of time;Applied to me to a considerable degree or a good part of time
8th;23;5 feet;50 kg;Female;Islam;Urban;Rented House or Mess;Join or Extended;5;Service Holder;House Wife;Strongly-agree;2:94;4-6 hours;1-3 hours;Single;No;Regularly;yes;yes;Good;Agree;Strongly-agree;I have attempted to kill myself, but did not want to die;Rarely (1 time);Yes, at one time, but did not really want to die;No chance at all;Satisfied;Somewhat;Somewhat;Somewhat;Did not apply to me at all;Did not apply to me at all;Did not apply to me at all;Did not apply to me at all;Applied to me to some degree, or some of the time;Applied to me to some degree, or some of the time;Applied to me to some degree, or some of the time;Applied to me to some degree, or some of the time;Did not apply to me at all;Applied to me to some degree, or some of the time;Applied to me to some degree, or some of the time;Applied to me very much or most of the time;Applied to me to some degree, or some of the time;Did not apply to me at all;Applied to me to some degree, or some of the time;Applied to me to some degree, or some of the time;Applied to me to some degree, or some of the time;Applied to me to some degree, or some of the time;Applied to me to some degree, or some of the time;Applied to me to some degree, or some of the time;Did not apply to me at all
5th;22;5'3;54;Female;Islam;Rural;Own House;Nuclear;7;Business;House Wife;Dis-agree;2,88;1-3 hours;1-3 hours;Single;No;Regularly;yes;No;No;Agree;Agree;Never;Never;No;Never;Moderately Satisfied;Much;Much;Much;Applied to me to some degree, or some of the time;Applied to me to some degree, or some of the time;Applied to me to some degree, or some of the time;Applied to me to some degree, or some of the time;Applied to me to some degree, or some of the time;Applied to me to some degree, or some of the time;Applied to me to some degree, or some of the time;Applied to me to some degree, or some of the time;Applied to me to some degree, or some of the time;Applied to me to some degree, or some of the time;Applied to me to some degree, or some of the time;Applied to me to some degree, or some of the time;Applied to me to some degree, or some of the time;Did not apply to me at all;Applied to me to some degree, or some of the time;Applied to me to some degree, or some of the time;Applied to me to some degree, or some of the time;Applied to me to some degree, or some of the time;Applied to me to some degree, or some of the time;Applied to me to some degree, or some of the time;Applied to me to some degree, or some of the time
7;21;"5'3""";50kg;Female;Hindu;Urban;Rented House or Mess;Nuclear;1;Business;House Wife;Agree;3,04;1-3 hours;1-3 hours;Single;No;Regularly;yes;No;No;Agree;Agree;Never;Never;No;Never;Very Dissatisfied;Somewhat;Somewhat;Barely;Did not apply to me at all;Did not apply to me at all;Did not apply to me at all;Did not apply to me at all;Did not apply to me at all;Did not apply to me at all;Did not apply to me at all;Did not apply to me at all;Did not apply to me at all;Did not apply to me at all;Did not apply to me at all;Applied to me to some degree, or some of the time;Did not apply to me at all;Did not apply to me at all;Did not apply to me at all;Did not apply to me at all;Did not apply to me at all;Did not apply to me at all;Did not apply to me at all;Did not apply to me at all;Applied to me to some degree, or some of the time
2nd;19;5,2;50;Female;Islam;Urban;Own House;Nuclear;2;Service Holder;House Wife;Strongly-agree;3,65;1-3 hours;7-9 hours;Single;No;Regularly;yes;yes;Drawing, gardening ;Agree;Agree;Never;Never;No;Never;Satisfied;Not at all Interfering;Not at all Noticeable;Not at all;Did not apply to me at all;Did not apply to me at all;Applied to me very much or most of the time;Did not apply to me at all;Applied to me to some degree, or some of the time;Applied to me to some degree, or some of the time;Applied to me to some degree, or some of the time;Applied to me to some degree, or some of the time;Applied to me to some degree, or some of the time;Applied to me to some degree, or some of the time;Applied to me to some degree, or some of the time;Applied to me to some degree, or some of the time;Did not apply to me at all;Applied to me to some degree, or some of the time;Did not apply to me at all;Did not apply to me at all;Did not apply to me at all;Did not apply to me at all;Did not apply to me at all;Did not apply to me at all;Did not apply to me at all
8th;23;5;79;Female;Islam;Urban;Rented House or Mess;Nuclear;2;Business;House Wife;Neural;2,09;1-3 hours;1-3 hours;Married;No;Regularly;yes;No;No;Agree;Agree;It was just a brief passing thought;Sometimes (2 times);No;Never;Very Dissatisfied;Very Much Interfering;Not at all Noticeable;Much;Did not apply to me at all;Did not apply to me at all;Applied to me to some degree, or some of the time;Applied to me to some degree, or some of the time;Applied to me to some degree, or some of the time;Applied to me to some degree, or some of the time;Did not apply to me at all;Applied to me to some degree, or some of the time;Did not apply to me at all;Did not apply to me at all;Did not apply to me at all;Applied to me very much or most of the time;Applied to me very much or most of the time;Applied to me very much or most of the time;Applied to me very much or most of the time;Applied to me very much or most of the time;Applied to me very much or most of the time;Applied to me very much or most of the time;Applied to me very much or most of the time;Applied to me very much or most of the time;Applied to me very much or most of the time
6th;22;5 feet 7 inches;55;Male;Islam;Rural;Rented House or Mess;Nuclear;3;Others;House Wife;Agree;CGPA 3.93;1-3 hours;4-6 hours;Single;No;Offen;yes;yes;Competitive Programming;Neutral;dis-agree;Never;Never;No;Never;Dissatisfied;Somewhat;Much;Much;Did not apply to me at all;Did not apply to me at all;Did not apply to me at all;Did not apply to me at all;Did not apply to me at all;Did not apply to me at all;Did not apply to me at all;Did not apply to me at all;Did not apply to me at all;Did not apply to me at all;Did not apply to me at all;Did not apply to me at all;Did not apply to me at all;Did not apply to me at all;Did not apply to me at all;Did not apply to me at all;Did not apply to me at all;Did not apply to me at all;Did not apply to me at all;Did not apply to me at all;Did not apply to me at all
1st;22;5 feet 2 inches;64 kg;Female;Islam;Urban;Own House;Nuclear;1;Business;House Wife;Strongly-agree;3,5;1-3 hours;1-3 hours;Single;No;Offen;yes;yes;Math olympiad ;Agree;Strongly-agree;Never;Never;No;Never;Dissatisfied;A little;Very Much Noticeable;Not at all;Applied to me to a considerable degree or a good part of time;Applied to me to a considerable degree or a good part of time;Did not apply to me at all;Applied to me to a considerable degree or a good part of time;Applied to me to some degree, or some of the time;Did not apply to me at all;Applied to me to a considerable degree or a good part of time;Applied to me to a considerable degree or a good part of time;Applied to me to some degree, or some of the time;Did not apply to me at all;Applied to me to some degree, or some of the time;Applied to me to a considerable degree or a good part of time;Applied to me very much or most of the time;Applied to me very much or most of the time;Applied to me to some degree, or some of the time;Applied to me to some degree, or some of the time;Did not apply to me at all;Did not apply to me at all;Did not apply to me at all;Applied to me to a considerable degree or a good part of time;Applied to me to some degree, or some of the time
8th;25;5 feet 2 inches;55;Female;Islam;Urban;Rented House or Mess;Nuclear;2;Service Holder;House Wife;Agree;3,6;4-6 hours;1-3 hours;Single;No;Offen;No;yes;Web Development,  Soft skills;Neutral;Agree;It was just a brief passing thought;Rarely (1 time);Yes, more than once, but did not want to do it;No chance at all;Dissatisfied;Not at all Interfering;Very Much Noticeable;Not at all;Did not apply to me at all;Did not apply to me at all;Applied to me very much or most of the time;Did not apply to me at all;Did not apply to me at all;Did not apply to me at all;Did not apply to me at all;Did not apply to me at all;Did not apply to me at all;Did not apply to me at all;Did not apply to me at all;Did not apply to me at all;Did not apply to me at all;Did not apply to me at all;Applied to me very much or most of the time;Did not apply to me at all;Did not apply to me at all;Did not apply to me at all;Did not apply to me at all;Did not apply to me at all;Did not apply to me at all
6th;23;5 feet 4 inch;Approx. 70 kg;Male;Islam;Urban;Own House;Nuclear;2;Service Holder;House Wife;Strongly-agree;3,91;1-3 hours;7-9 hours;Single;No;Offen;yes;No;N/A;Dis-agree;Neutral;Never;Never;No;Never;Very Satisfied;A little;Not at all Noticeable;Not at all;Did not apply to me at all;Did not apply to me at all;Did not apply to me at all;Did not apply to me at all;Did not apply to me at all;Applied to me to some degree, or some of the time;Did not apply to me at all;Did not apply to me at all;Did not apply to me at all;Applied to me to some degree, or some of the time;Did not apply to me at all;Did not apply to me at all;Did not apply to me at all;Did not apply to me at all;Did not apply to me at all;Applied to me to some degree, or some of the time;Did not apply to me at all;Did not apply to me at all;Did not apply to me at all;Did not apply to me at all;Did not apply to me at all
2nd;20;5feet 6 inchi ;65;Male;Islam;Rural;Rented House or Mess;Nuclear;10+;Service Holder;Service Holder;Strongly-agree;3,56;1-3 hours;1-3 hours;Married;No;Offen;yes;No;nothing ;Neutral;Neutral;Never;Never;No;Never;Moderately Satisfied;Not at all Interfering;Not at all Noticeable;Not at all;Did not apply to me at all;Did not apply to me at all;Did not apply to me at all;Did not apply to me at all;Did not apply to me at all;Did not apply to me at all;Did not apply to me at all;Applied to me to some degree, or some of the time;Did not apply to me at all;Did not apply to me at all;Did not apply to me at all;Did not apply to me at all;Did not apply to me at all;Did not apply to me at all;Did not apply to me at all;Did not apply to me at all;Applied to me to some degree, or some of the time;Did not apply to me at all;Did not apply to me at all;Did not apply to me at all;Did not apply to me at all
7th;23;5 feet 5;72;Male;Islam;Rural;Own House;Nuclear;1;Business;House Wife;Agree;3,17;1-3 hours;1-3 hours;Single;No;Regularly;yes;yes;I love to write poem;Agree;Agree;Never;Never;No;Never;Satisfied;Much;Much;Not at all;Did not apply to me at all;Did not apply to me at all;Did not apply to me at all;Did not apply to me at all;Did not apply to me at all;Did not apply to me at all;Did not apply to me at all;Did not apply to me at all;Did not apply to me at all;Did not apply to me at all;Did not apply to me at all;Did not apply to me at all;Did not apply to me at all;Did not apply to me at all;Did not apply to me at all;Did not apply to me at all;Did not apply to me at all;Did not apply to me at all;Did not apply to me at all;Did not apply to me at all;Did not apply to me at all
1st;21;5.8 feet;63 kg;Male;Islam;Rural;Rented House or Mess;Nuclear;5;Business;House Wife;Strongly-agree;N/A;1-3 hours;4-6 hours;Single;No;Regularly;yes;yes;Bangladesh Scouts, Rotaract International.;Agree;Neutral;Never;Never;No;No chance at all;Moderately Satisfied;A little;Barely;Barely;Did not apply to me at all;Did not apply to me at all;Did not apply to me at all;Did not apply to me at all;Did not apply to me at all;Did not apply to me at all;Did not apply to me at all;Did not apply to me at all;Did not apply to me at all;Did not apply to me at all;Did not apply to me at all;Applied to me to some degree, or some of the time;Did not apply to me at all;Did not apply to me at all;Did not apply to me at all;Did not apply to me at all;Did not apply to me at all;Did not apply to me at all;Did not apply to me at all;Did not apply to me at all;Did not apply to me at all
6;21;5,4;60;Female;Islam;Urban;Rented House or Mess;Join or Extended;2;Business;House Wife;Agree;3,21;4-6 hours;1-3 hours;Single;No;Regularly;yes;yes;Academic purpose ;Neutral;Agree;I have had a plan at least once to kill myself but did not try to do it;Rarely (1 time);No;Never;Satisfied;A little;Not at all Noticeable;Not at all;Applied to me to some degree, or some of the time;Did not apply to me at all;Applied to me to a considerable degree or a good part of time;Did not apply to me at all;Did not apply to me at all;Did not apply to me at all;Did not apply to me at all;Did not apply to me at all;Did not apply to me at all;Did not apply to me at all;Did not apply to me at all;Did not apply to me at all;Did not apply to me at all;Did not apply to me at all;Did not apply to me at all;Did not apply to me at all;Did not apply to me at all;Did not apply to me at all;Did not apply to me at all;Did not apply to me at all;Did not apply to me at all
2nd;19;5.10 feet;65;Male;Hindu;Urban;Rented House or Mess;Nuclear;1;Others;Others;Strongly-agree;4;4-6 hours;1-3 hours;Single;No;Regularly;yes;No;nothing;Agree;Agree;Never;Never;No;Never;Moderately Satisfied;A little;Barely;Barely;Did not apply to me at all;Did not apply to me at all;Did not apply to me at all;Did not apply to me at all;Did not apply to me at all;Did not apply to me at all;Did not apply to me at all;Did not apply to me at all;Did not apply to me at all;Did not apply to me at all;Did not apply to me at all;Did not apply to me at all;Did not apply to me at all;Did not apply to me at all;Did not apply to me at all;Did not apply to me at all;Did not apply to me at all;Did not apply to me at all;Did not apply to me at all;Did not apply to me at all;Did not apply to me at all
5th;23;"5'4""";48;Male;Islam;Urban;Rented House or Mess;Nuclear;1;Service Holder;House Wife;Agree;3,5;1-3 hours;1-3 hours;Single;No;Regularly;No;No;No;Neutral;Neutral;I have had a plan at least once to kill myself but did not try to do it;Never;No;Never;Dissatisfied;Much;Barely;Much;Applied to me to a considerable degree or a good part of time;Applied to me to some degree, or some of the time;Applied to me to some degree, or some of the time;Applied to me to some degree, or some of the time;Applied to me to some degree, or some of the time;Applied to me to some degree, or some of the time;Applied to me to some degree, or some of the time;Applied to me to some degree, or some of the time;Applied to me to some degree, or some of the time;Applied to me to some degree, or some of the time;Applied to me to some degree, or some of the time;Applied to me to some degree, or some of the time;Applied to me to some degree, or some of the time;Applied to me to some degree, or some of the time;Applied to me to some degree, or some of the time;Applied to me to some degree, or some of the time;Applied to me to some degree, or some of the time;Applied to me to some degree, or some of the time;Applied to me to some degree, or some of the time;Applied to me to some degree, or some of the time;Applied to me to some degree, or some of the time
8th;21;5 feet 4.5 inches ;56kg;Female;Islam;Rural;Own House;Nuclear;2;Business;House Wife;Agree;3,72;1-3 hours;4-6 hours;Single;No;Regularly;No;yes;Drawing,  baking ;Agree;Agree;Never;Never;No;Never;Dissatisfied;A little;Somewhat;Somewhat;Applied to me to some degree, or some of the time;Did not apply to me at all;Did not apply to me at all;Did not apply to me at all;Did not apply to me at all;Did not apply to me at all;Did not apply to me at all;Did not apply to me at all;Did not apply to me at all;Did not apply to me at all;Did not apply to me at all;Did not apply to me at all;Did not apply to me at all;Did not apply to me at all;Did not apply to me at all;Did not apply to me at all;Did not apply to me at all;Did not apply to me at all;Did not apply to me at all;Did not apply to me at all;Did not apply to me at all
5th;21;5'2'';52;Female;Hindu;Rural;Rented House or Mess;Nuclear;3;Business;House Wife;Strongly-agree;3,49;1-3 hours;7-9 hours;Single;No;Regularly;No;yes;Singing,drawing ;Neutral;Neutral;Never;Never;No;Never;Dissatisfied;Not at all Interfering;Not at all Noticeable;Not at all;Did not apply to me at all;Did not apply to me at all;Did not apply to me at all;Did not apply to me at all;Did not apply to me at all;Did not apply to me at all;Did not apply to me at all;Applied to me very much or most of the time;Applied to me very much or most of the time;Did not apply to me at all;Did not apply to me at all;Did not apply to me at all;Did not apply to me at all;Did not apply to me at all;Applied to me very much or most of the time;Did not apply to me at all;Did not apply to me at all;Did not apply to me at all;Did not apply to me at all;Applied to me very much or most of the time;Did not apply to me at all
2nd;20;"5""";52kg;Female;Islam;Urban;Rented House or Mess;Join or Extended;4;Business;House Wife;Agree;3,66;4-6 hours;1-3 hours;Married;No;Regularly;yes;yes;Designing anything ;Agree;Agree;I have had a plan at least once to kill myself but did not try to do it;Rarely (1 time);No;Unlikely;Moderately Satisfied;Much;Much;Very Much;Did not apply to me at all;Applied to me to some degree, or some of the time;Did not apply to me at all;Did not apply to me at all;Applied to me to some degree, or some of the time;Did not apply to me at all;Did not apply to me at all;Applied to me very much or most of the time;Applied to me to a considerable degree or a good part of time;Applied to me to some degree, or some of the time;Applied to me to some degree, or some of the time;Applied to me to some degree, or some of the time;Did not apply to me at all;Did not apply to me at all;Applied to me to a considerable degree or a good part of time;Applied to me to a considerable degree or a good part of time;Applied to me to some degree, or some of the time;Applied to me to some degree, or some of the time;Applied to me to some degree, or some of the time;Applied to me to some degree, or some of the time;Did not apply to me at all
5th;21;5 feet 4 inch;58 kg;Male;Islam;Rural;Rented House or Mess;Nuclear;2;Others;House Wife;Neural;2,91;4-6 hours;1-3 hours;Single;No;Regularly;yes;No;No.;Agree;Agree;Never;Never;No;Never;Moderately Satisfied;Not at all Interfering;Not at all Noticeable;Not at all;Did not apply to me at all;Did not apply to me at all;Did not apply to me at all;Did not apply to me at all;Did not apply to me at all;Did not apply to me at all;Did not apply to me at all;Did not apply to me at all;Did not apply to me at all;Did not apply to me at all;Did not apply to me at all;Did not apply to me at all;Did not apply to me at all;Did not apply to me at all;Did not apply to me at all;Did not apply to me at all;Did not apply to me at all;Did not apply to me at all;Did not apply to me at all;Did not apply to me at all;Did not apply to me at all
2nd;19;6 feet;65;Male;Islam;Rural;Rented House or Mess;Nuclear;1;Others;Others;Agree;2,77;1-3 hours;4-6 hours;Single;No;Regularly;No;yes;Sometimes Gaming in my phone ;Dis-agree;Agree;I have had a plan at least once to kill myself but did not try to do it;Rarely (1 time);No;No chance at all;Dissatisfied;A little;Not at all Noticeable;Barely;Applied to me to a considerable degree or a good part of time;Did not apply to me at all;Applied to me very much or most of the time;Did not apply to me at all;Applied to me to some degree, or some of the time;Did not apply to me at all;Did not apply to me at all;Applied to me to some degree, or some of the time;Applied to me to some degree, or some of the time;Applied to me very much or most of the time;Applied to me very much or most of the time;Did not apply to me at all;Did not apply to me at all;Applied to me to some degree, or some of the time;Applied to me to some degree, or some of the time;Applied to me to some degree, or some of the time;Applied to me very much or most of the time;Applied to me to some degree, or some of the time;Applied to me to some degree, or some of the time;Did not apply to me at all;Applied to me to some degree, or some of the time
5th;23;5 feet 10 inches;65;Male;Islam;Urban;Own House;Nuclear;2;Others;House Wife;Agree;3,95;4-6 hours;1-3 hours;Single;No;Regularly;yes;No;No extra curriculur activities;Agree;Agree;It was just a brief passing thought;Rarely (1 time);No;Unlikely;Moderately Satisfied;Much;Somewhat;Much;Applied to me to some degree, or some of the time;Applied to me to some degree, or some of the time;Applied to me to some degree, or some of the time;Applied to me to some degree, or some of the time;Applied to me to some degree, or some of the time;Applied to me to some degree, or some of the time;Applied to me to some degree, or some of the time;Applied to me to some degree, or some of the time;Applied to me to some degree, or some of the time;Applied to me to some degree, or some of the time;Applied to me to some degree, or some of the time;Applied to me to some degree, or some of the time;Applied to me to some degree, or some of the time;Applied to me to some degree, or some of the time;Applied to me to some degree, or some of the time;Applied to me to some degree, or some of the time;Applied to me to some degree, or some of the time;Applied to me to some degree, or some of the time;Applied to me to some degree, or some of the time;Applied to me to some degree, or some of the time;Applied to me to some degree, or some of the time
7th;21;5,5;53;Female;Islam;Urban;Own House;Nuclear;1;Service Holder;House Wife;Strongly-agree;2,65;1-3 hours;1-3 hours;Single;No;Regularly;yes;No;Nothing ;Neutral;Agree;Never;Never;No;Never;Dissatisfied;A little;Much;Very Much;Applied to me to some degree, or some of the time;Did not apply to me at all;Applied to me to some degree, or some of the time;Did not apply to me at all;Applied to me to some degree, or some of the time;Did not apply to me at all;Applied to me to some degree, or some of the time;Applied to me to some degree, or some of the time;Applied to me to a considerable degree or a good part of time;Did not apply to me at all;Did not apply to me at all;Applied to me very much or most of the time;Did not apply to me at all;Did not apply to me at all;Applied to me very much or most of the time;Did not apply to me at all;Applied to me to a considerable degree or a good part of time;Did not apply to me at all;Did not apply to me at all;Applied to me very much or most of the time;Did not apply to me at all
1st;18;5feet 6 inches;60;Female;Islam;Rural;Rented House or Mess;Nuclear;1;Others;House Wife;Agree;N/A;1-3 hours;4-6 hours;Single;No;Regularly;yes;No;N/A;Neutral;Neutral;Never;Never;No;Never;Satisfied;Not at all Interfering;Not at all Noticeable;Not at all;Did not apply to me at all;Did not apply to me at all;Did not apply to me at all;Did not apply to me at all;Did not apply to me at all;Did not apply to me at all;Did not apply to me at all;Did not apply to me at all;Did not apply to me at all;Did not apply to me at all;Did not apply to me at all;Did not apply to me at all;Did not apply to me at all;Did not apply to me at all;Did not apply to me at all;Did not apply to me at all;Did not apply to me at all;Did not apply to me at all;Did not apply to me at all;Did not apply to me at all;Did not apply to me at all
7th;23;5.5 feet;70;Male;Islam;Rural;Own House;Nuclear;3;Others;House Wife;Strongly-agree;2,96;1-3 hours;4-6 hours;Single;No;Rarely;yes;No;Practice Programme ;Neutral;Neutral;I have had a plan at least once to kill myself and really wanted to die;Often (3-4 times);No;Very Likely;Very Dissatisfied;Much;Much;Much;Applied to me to a considerable degree or a good part of time;Applied to me to a considerable degree or a good part of time;Applied to me to a considerable degree or a good part of time;Applied to me to a considerable degree or a good part of time;Applied to me to a considerable degree or a good part of time;Applied to me to a considerable degree or a good part of time;Applied to me to a considerable degree or a good part of time;Applied to me to a considerable degree or a good part of time;Applied to me to a considerable degree or a good part of time;Applied to me to a considerable degree or a good part of time;Applied to me to a considerable degree or a good part of time;Applied to me to a considerable degree or a good part of time;Applied to me to a considerable degree or a good part of time;Applied to me to a considerable degree or a good part of time;Applied to me to a considerable degree or a good part of time;Applied to me to a considerable degree or a good part of time;Applied to me to a considerable degree or a good part of time;Applied to me to a considerable degree or a good part of time;Applied to me to a considerable degree or a good part of time;Applied to me to a considerable degree or a good part of time;Applied to me to a considerable degree or a good part of time
5th;23;5feet;50kg;Female;Islam;Rural;Own House;Join or Extended;2;Business;House Wife;Strongly-agree;3,2;1-3 hours;1-3 hours;Single;No;Regularly;No;yes;Taekwondo ;Neutral;Neutral;Never;Never;No;Never;Very Dissatisfied;A little;Not at all Noticeable;Very Much;Did not apply to me at all;Did not apply to me at all;Did not apply to me at all;Did not apply to me at all;Did not apply to me at all;Did not apply to me at all;Applied to me very much or most of the time;Applied to me very much or most of the time;Applied to me very much or most of the time;Applied to me very much or most of the time;Did not apply to me at all;Applied to me very much or most of the time;Applied to me to some degree, or some of the time;Applied to me to some degree, or some of the time;Applied to me to some degree, or some of the time;Did not apply to me at all;Did not apply to me at all;Did not apply to me at all;Applied to me to some degree, or some of the time;Did not apply to me at all;Applied to me to some degree, or some of the time
5th;23;5,4;58;Male;Islam;Urban;Rented House or Mess;Nuclear;3;Service Holder;House Wife;Agree;3,1;1-3 hours;1-3 hours;Married;No;Regularly;yes;yes;Singer;Agree;Strongly-agree;Never;Never;No;Never;Dissatisfied;Much;Somewhat;Not at all;Did not apply to me at all;Did not apply to me at all;Applied to me to a considerable degree or a good part of time;Did not apply to me at all;Did not apply to me at all;Did not apply to me at all;Did not apply to me at all;Did not apply to me at all;Applied to me very much or most of the time;Applied to me to some degree, or some of the time;Applied to me to some degree, or some of the time;Applied to me very much or most of the time;Applied to me to some degree, or some of the time;Applied to me to some degree, or some of the time;Applied to me very much or most of the time;Applied to me to some degree, or some of the time;Applied to me very much or most of the time;Applied to me very much or most of the time;Applied to me to some degree, or some of the time;Did not apply to me at all;Applied to me to some degree, or some of the time
6th semester;22;"5'9""";66;Male;Islam;Rural;Rented House or Mess;Nuclear;1;Service Holder;Service Holder;Agree;3,48;1-3 hours;4-6 hours;Single;No;Offen;No;yes;Creative Designing and Singing;Agree;Neutral;It was just a brief passing thought;Often (3-4 times);Yes, at one time, but did not really want to die;No chance at all;Dissatisfied;Much;Somewhat;Much;Did not apply to me at all;Did not apply to me at all;Applied to me to some degree, or some of the time;Applied to me to some degree, or some of the time;Applied to me to some degree, or some of the time;Applied to me very much or most of the time;Applied to me to some degree, or some of the time;Applied to me to a considerable degree or a good part of time;Applied to me to some degree, or some of the time;Applied to me to some degree, or some of the time;Applied to me to some degree, or some of the time;Applied to me to some degree, or some of the time;Applied to me to some degree, or some of the time;Applied to me to some degree, or some of the time;Applied to me to some degree, or some of the time;Did not apply to me at all;Applied to me very much or most of the time;Applied to me to some degree, or some of the time;Applied to me to some degree, or some of the time;Did not apply to me at all;Applied to me to some degree, or some of the time
2nd;20;5,8;82;Male;Islam;Urban;Rented House or Mess;Join or Extended;1;Service Holder;House Wife;Neural;3,56;4-6 hours;1-3 hours;Single;No;Offen;yes;yes;1.Robotics competitions   2.Coding Classes ;Agree;Neutral;Never;Never;No;Never;Satisfied;A little;Not at all Noticeable;Not at all;Applied to me to some degree, or some of the time;Did not apply to me at all;Applied to me to some degree, or some of the time;Did not apply to me at all;Did not apply to me at all;Did not apply to me at all;Did not apply to me at all;Did not apply to me at all;Applied to me to some degree, or some of the time;Applied to me to some degree, or some of the time;Did not apply to me at all;Did not apply to me at all;Did not apply to me at all;Did not apply to me at all;Did not apply to me at all;Applied to me to some degree, or some of the time;Did not apply to me at all;Did not apply to me at all;Did not apply to me at all;Applied to me to some degree, or some of the time;Did not apply to me at all
1 st;18;5.11 feet;83;Male;Islam;Rural;Own House;Join or Extended;None;Others;Others;Strongly-agree;2,98;1-3 hours;1-3 hours;Single;No;Rarely;yes;No;None;Dis-agree;dis-agree;Never;Never;No;Never;Satisfied;A little;Not at all Noticeable;Not at all;Did not apply to me at all;Applied to me to some degree, or some of the time;Did not apply to me at all;Did not apply to me at all;Did not apply to me at all;Did not apply to me at all;Did not apply to me at all;Did not apply to me at all;Did not apply to me at all;Did not apply to me at all;Applied to me to some degree, or some of the time;Applied to me to some degree, or some of the time;Applied to me to some degree, or some of the time;Applied to me to some degree, or some of the time;Applied to me to some degree, or some of the time;Applied to me to some degree, or some of the time;Applied to me to some degree, or some of the time;Applied to me to some degree, or some of the time;Applied to me to some degree, or some of the time;Applied to me to some degree, or some of the time;Applied to me to some degree, or some of the time
1st;20;5 feet 2.5 inches;46kg;Male;Islam;Urban;Rented House or Mess;Nuclear;3;Others;House Wife;Agree;2,77;1-3 hours;1-3 hours;Single;No;Offen;yes;yes;singing;Agree;Agree;It was just a brief passing thought;Sometimes (2 times);No;No chance at all;Dissatisfied;A little;Barely;Barely;Applied to me to some degree, or some of the time;Did not apply to me at all;Did not apply to me at all;Applied to me very much or most of the time;Applied to me to some degree, or some of the time;Applied to me to some degree, or some of the time;Did not apply to me at all;Did not apply to me at all;Did not apply to me at all;Did not apply to me at all;Did not apply to me at all;Applied to me to a considerable degree or a good part of time;Applied to me to a considerable degree or a good part of time;Applied to me to some degree, or some of the time;Applied to me to a considerable degree or a good part of time;Applied to me to some degree, or some of the time;Applied to me to a considerable degree or a good part of time;Did not apply to me at all;Did not apply to me at all;Applied to me to some degree, or some of the time;Did not apply to me at all
2nd;21;5feet 2inche;56;Male;Islam;Rural;Rented House or Mess;Join or Extended;2;Others;House Wife;Agree;3,35;1-3 hours;1-3 hours;Single;No;Regularly;yes;No;NA;Agree;Agree;Never;Never;No;Never;Satisfied;Somewhat;Somewhat;Somewhat;Did not apply to me at all;Did not apply to me at all;Did not apply to me at all;Did not apply to me at all;Applied to me to some degree, or some of the time;Did not apply to me at all;Did not apply to me at all;Did not apply to me at all;Did not apply to me at all;Did not apply to me at all;Did not apply to me at all;Did not apply to me at all;Did not apply to me at all;Did not apply to me at all;Did not apply to me at all;Did not apply to me at all;Did not apply to me at all;Did not apply to me at all;Did not apply to me at all;Did not apply to me at all;Did not apply to me at all
2nd;20;5 feet 7 eanch;70 kg;Male;Islam;Urban;Rented House or Mess;Nuclear;1 sister.;Others;House Wife;Strongly-agree;3,48;4-6 hours;1-3 hours;Single;No;Offen;yes;yes;gaming and footballer;Agree;Neutral;It was just a brief passing thought;Never;No;Never;Satisfied;Somewhat;Barely;Somewhat;Applied to me to some degree, or some of the time;Applied to me very much or most of the time;Applied to me to some degree, or some of the time;Did not apply to me at all;Did not apply to me at all;Did not apply to me at all;Did not apply to me at all;Did not apply to me at all;Did not apply to me at all;Did not apply to me at all;Applied to me to some degree, or some of the time;Applied to me to a considerable degree or a good part of time;Did not apply to me at all;Did not apply to me at all;Did not apply to me at all;Applied to me to some degree, or some of the time;Did not apply to me at all;Did not apply to me at all;Did not apply to me at all;Did not apply to me at all;Did not apply to me at all
2nd;21;1.56 feet;58 kg;Female;Islam;Rural;Rented House or Mess;Nuclear;2;Service Holder;House Wife;Strongly-agree;3,89;1-3 hours;1-3 hours;Single;No;Regularly;No;No;not involved ;Agree;Agree;Never;Never;No;Never;Satisfied;A little;Barely;Not at all;Did not apply to me at all;Applied to me to some degree, or some of the time;Applied to me to some degree, or some of the time;Applied to me to some degree, or some of the time;Applied to me to some degree, or some of the time;Applied to me to some degree, or some of the time;Applied to me to a considerable degree or a good part of time;Applied to me to some degree, or some of the time;Applied to me to a considerable degree or a good part of time;Applied to me to some degree, or some of the time;Applied to me to some degree, or some of the time;Applied to me to some degree, or some of the time;Applied to me to some degree, or some of the time;Applied to me to some degree, or some of the time;Applied to me to some degree, or some of the time;Applied to me to some degree, or some of the time;Applied to me to a considerable degree or a good part of time;Applied to me to some degree, or some of the time;Did not apply to me at all;Applied to me to some degree, or some of the time;Applied to me to some degree, or some of the time
2nd;21;5,4;58;Female;Islam;Urban;Rented House or Mess;Nuclear;1;Service Holder;House Wife;Neural;3,2;1-3 hours;1-3 hours;Single;No;Regularly;yes;No;No;Agree;Agree;Never;Never;No;Never;Very Dissatisfied;Much;Much;Much;Did not apply to me at all;Did not apply to me at all;Applied to me to some degree, or some of the time;Applied to me to some degree, or some of the time;Did not apply to me at all;Did not apply to me at all;Applied to me to some degree, or some of the time;Applied to me to some degree, or some of the time;Applied to me to some degree, or some of the time;Applied to me to some degree, or some of the time;Applied to me to some degree, or some of the time;Applied to me to some degree, or some of the time;Applied to me to some degree, or some of the time;Applied to me to some degree, or some of the time;Applied to me to some degree, or some of the time;Applied to me to some degree, or some of the time;Applied to me to some degree, or some of the time;Applied to me to some degree, or some of the time;Did not apply to me at all;Applied to me to some degree, or some of the time;Applied to me to some degree, or some of the time
2nd;20;5 feet 2 inch;47;Male;Islam;Urban;Rented House or Mess;Nuclear;1;Farmer;House Wife;Agree;3,78;4-6 hours;1-3 hours;Single;No;Regularly;yes;No;None;Neutral;Neutral;It was just a brief passing thought;Sometimes (2 times);No;No chance at all;Moderately Satisfied;A little;Somewhat;Somewhat;Applied to me to some degree, or some of the time;Did not apply to me at all;Applied to me to some degree, or some of the time;;Did not apply to me at all;Applied to me to some degree, or some of the time;Did not apply to me at all;Applied to me to some degree, or some of the time;Applied to me to some degree, or some of the time;Applied to me to some degree, or some of the time;Applied to me to some degree, or some of the time;Applied to me to a considerable degree or a good part of time;Applied to me to a considerable degree or a good part of time;Applied to me to a considerable degree or a good part of time;Applied to me to a considerable degree or a good part of time;Applied to me to some degree, or some of the time;Applied to me to a considerable degree or a good part of time;Applied to me to some degree, or some of the time;Applied to me to some degree, or some of the time;Applied to me to a considerable degree or a good part of time;Applied to me to a considerable degree or a good part of time
2nd;21;"5'5""";64;Female;Islam;Rural;Rented House or Mess;Join or Extended;2;Others;House Wife;Neural;4;1-3 hours;1-3 hours;Single;No;Regularly;yes;No;No I don't do any extra curriculum activities ;Agree;Agree;Never;Never;No;No chance at all;Dissatisfied;Much;Barely;Barely;Did not apply to me at all;Did not apply to me at all;Applied to me to some degree, or some of the time;Applied to me to a considerable degree or a good part of time;Applied to me to a considerable degree or a good part of time;Did not apply to me at all;Applied to me to a considerable degree or a good part of time;Applied to me to some degree, or some of the time;Applied to me to some degree, or some of the time;Applied to me to some degree, or some of the time;Did not apply to me at all;Applied to me to some degree, or some of the time;Applied to me to a considerable degree or a good part of time;Applied to me to a considerable degree or a good part of time;Did not apply to me at all;Applied to me to some degree, or some of the time;Applied to me to some degree, or some of the time;Did not apply to me at all;Applied to me to some degree, or some of the time;Did not apply to me at all;Did not apply to me at all
1 st;21;5 feet,6 inches;50;Male;Islam;Rural;Rented House or Mess;Nuclear;1;Service Holder;House Wife;Agree;4;1-3 hours;1-3 hours;Single;No;Regularly;No;No;No;Agree;Agree;It was just a brief passing thought;Rarely (1 time);No;Never;Dissatisfied;Somewhat;Somewhat;Barely;Applied to me to some degree, or some of the time;Applied to me to some degree, or some of the time;Applied to me to some degree, or some of the time;Did not apply to me at all;Applied to me to some degree, or some of the time;Did not apply to me at all;Applied to me to some degree, or some of the time;Applied to me to some degree, or some of the time;Applied to me to some degree, or some of the time;Did not apply to me at all;Did not apply to me at all;Did not apply to me at all;Did not apply to me at all;Did not apply to me at all;Did not apply to me at all;Did not apply to me at all;Applied to me to some degree, or some of the time;Applied to me to some degree, or some of the time;Applied to me to some degree, or some of the time;Did not apply to me at all;Applied to me to some degree, or some of the time
5th;21;"5'2""";58;Female;Islam;Urban;Own House;Nuclear;1;Service Holder;House Wife;Neural;3,64;1-3 hours;1-3 hours;Single;No;Offen;No;No;Volunteering, singing and riding ;Neutral;Neutral;Never;Never;No;Never;Dissatisfied;A little;Barely;Barely;Applied to me to some degree, or some of the time;Applied to me to some degree, or some of the time;Did not apply to me at all;Applied to me to a considerable degree or a good part of time;Applied to me to some degree, or some of the time;Applied to me to some degree, or some of the time;Applied to me to some degree, or some of the time;Applied to me to some degree, or some of the time;Did not apply to me at all;Applied to me to a considerable degree or a good part of time;Applied to me to a considerable degree or a good part of time;Applied to me to some degree, or some of the time;Applied to me to some degree, or some of the time;Applied to me to some degree, or some of the time;Applied to me to some degree, or some of the time;Applied to me to some degree, or some of the time;Applied to me to a considerable degree or a good part of time;Applied to me to some degree, or some of the time;Applied to me to some degree, or some of the time;Applied to me to some degree, or some of the time;Did not apply to me at all
4th;22;4 feet 11 inch;45;Female;Hindu;Urban;Rented House or Mess;Nuclear;1;Business;House Wife;Strongly-agree;3,59;1-3 hours;1-3 hours;Single;No;Offen;No;No;No I don’t get time for everyday 5 or 6 classes that’s why I can not do any curricular activities.;Neutral;Neutral;Never;Never;No;No chance at all;Very Satisfied;A little;Barely;Barely;Did not apply to me at all;Did not apply to me at all;Did not apply to me at all;Did not apply to me at all;Applied to me to some degree, or some of the time;Applied to me to a considerable degree or a good part of time;Did not apply to me at all;Applied to me to a considerable degree or a good part of time;Applied to me to a considerable degree or a good part of time;Did not apply to me at all;Did not apply to me at all;Applied to me to some degree, or some of the time;Did not apply to me at all;Applied to me to some degree, or some of the time;Did not apply to me at all;Applied to me to some degree, or some of the time;Did not apply to me at all;Did not apply to me at all;Did not apply to me at all;Did not apply to me at all;Did not apply to me at all
6 th;22;5 fit 11 inc;68 kg;Male;Islam;Rural;Rented House or Mess;Join or Extended;9;Business;House Wife;Strongly-agree;3,2;1-3 hours;1-3 hours;Single;No;Regularly;yes;yes;TA (Teaching Assistant ) ;Agree;Neutral;Never;Never;No;Never;Moderately Satisfied;A little;Much;Somewhat;Did not apply to me at all;Did not apply to me at all;Did not apply to me at all;Did not apply to me at all;Did not apply to me at all;Applied to me to some degree, or some of the time;Did not apply to me at all;Applied to me to some degree, or some of the time;Did not apply to me at all;Did not apply to me at all;Did not apply to me at all;Did not apply to me at all;Did not apply to me at all;Did not apply to me at all;Did not apply to me at all;Did not apply to me at all;Did not apply to me at all;Did not apply to me at all;Did not apply to me at all;Did not apply to me at all;Did not apply to me at all
2nd;20;"5"" 6'";72 kg;Male;Islam;Urban;Rented House or Mess;Nuclear;3;Business;Service Holder;Agree;SGPA 3.35;4-6 hours;1-3 hours;Single;No;Offen;No;No;Animation ;Neutral;dis-agree;Never;Never;No;Never;Dissatisfied;Much;Barely;Somewhat;Did not apply to me at all;Did not apply to me at all;Did not apply to me at all;Did not apply to me at all;Did not apply to me at all;Applied to me to some degree, or some of the time;Did not apply to me at all;Applied to me to some degree, or some of the time;Did not apply to me at all;Did not apply to me at all;Did not apply to me at all;Did not apply to me at all;Did not apply to me at all;Did not apply to me at all;Did not apply to me at all;Did not apply to me at all;Did not apply to me at all;Did not apply to me at all;Did not apply to me at all;Did not apply to me at all;Applied to me to some degree, or some of the time
7th;24;5 feet 8 inches;65kg;Male;Islam;Urban;Rented House or Mess;Join or Extended;1;Business;Service Holder;Strongly-agree;3,25;4-6 hours;1-3 hours;Single;No;Offen;yes;yes;Good ;Neutral;Neutral;Never;Never;No;Never;Satisfied;A little;Not at all Noticeable;Not at all;Applied to me very much or most of the time;Applied to me to some degree, or some of the time;Applied to me to some degree, or some of the time;Applied to me to some degree, or some of the time;Applied to me very much or most of the time;Applied to me very much or most of the time;Applied to me to a considerable degree or a good part of time;Applied to me very much or most of the time;Applied to me very much or most of the time;Applied to me very much or most of the time;Applied to me very much or most of the time;Applied to me to a considerable degree or a good part of time;Applied to me to some degree, or some of the time;Applied to me to some degree, or some of the time;Applied to me to a considerable degree or a good part of time;Applied to me to a considerable degree or a good part of time;Applied to me to a considerable degree or a good part of time;Applied to me to a considerable degree or a good part of time;Applied to me to some degree, or some of the time;Applied to me very much or most of the time;Did not apply to me at all
13;22;5;77;Male;Islam;Rural;Own House;Join or Extended;2;Business;House Wife;Strongly-agree;2,6;1-3 hours;>=9 hours;Married;Yes;Offen;No;No;N/A;Agree;Strongly-agree;Never;Never;No;Never;Very Dissatisfied;Very Much Interfering;Very Much Noticeable;Much;Did not apply to me at all;Did not apply to me at all;Applied to me to some degree, or some of the time;Applied to me very much or most of the time;Applied to me very much or most of the time;Applied to me very much or most of the time;Did not apply to me at all;Did not apply to me at all;Did not apply to me at all;Did not apply to me at all;Did not apply to me at all;Applied to me very much or most of the time;Did not apply to me at all;Did not apply to me at all;Applied to me very much or most of the time;Applied to me very much or most of the time;Did not apply to me at all;Did not apply to me at all;Applied to me very much or most of the time;Did not apply to me at all;Applied to me very much or most of the time
7th;23;5 feet 3.5 inch;56;Female;Islam;Urban;Own House;Nuclear;1;Others;House Wife;Neural;3,33;1-3 hours;1-3 hours;Single;No;Regularly;No;No;no;Agree;Neutral;Never;Never;No;Never;Dissatisfied;Much;Barely;Somewhat;Applied to me to some degree, or some of the time;Did not apply to me at all;Did not apply to me at all;Applied to me to some degree, or some of the time;Did not apply to me at all;Applied to me to some degree, or some of the time;Applied to me to some degree, or some of the time;Applied to me to some degree, or some of the time;Applied to me to some degree, or some of the time;Applied to me to some degree, or some of the time;Applied to me to some degree, or some of the time;Applied to me to some degree, or some of the time;Applied to me to a considerable degree or a good part of time;Applied to me to some degree, or some of the time;Applied to me to some degree, or some of the time;Applied to me to some degree, or some of the time;Applied to me to some degree, or some of the time;Applied to me to some degree, or some of the time;Applied to me to some degree, or some of the time;Applied to me to some degree, or some of the time;Applied to me to some degree, or some of the time
5th;22;5 fit;57;Female;Islam;Urban;Rented House or Mess;Nuclear;2;Service Holder;House Wife;Strongly-agree;2,95;1-3 hours;1-3 hours;Single;No;Regularly;yes;No;no;Agree;Agree;Never;Never;No;Never;Very Satisfied;A little;Not at all Noticeable;Not at all;Did not apply to me at all;Applied to me very much or most of the time;Applied to me to some degree, or some of the time;Did not apply to me at all;Applied to me to a considerable degree or a good part of time;Applied to me very much or most of the time;Did not apply to me at all;Applied to me very much or most of the time;Did not apply to me at all;Applied to me very much or most of the time;Applied to me very much or most of the time;Applied to me very much or most of the time;Applied to me very much or most of the time;Applied to me very much or most of the time;Applied to me very much or most of the time;Applied to me very much or most of the time;Applied to me very much or most of the time;Did not apply to me at all;Applied to me to some degree, or some of the time;Applied to me to a considerable degree or a good part of time;Did not apply to me at all
5th;20;5 feet 9 inches;75 kg;Male;Islam;Urban;Own House;Nuclear;1;Service Holder;House Wife;Strongly-agree;2,26;4-6 hours;7-9 hours;Single;No;Regularly;yes;No;I have nothing any extracurricular activities.;Strongly-agree;Strongly-agree;Never;Never;No;Never;Satisfied;A little;Very Much Noticeable;Somewhat;Did not apply to me at all;Did not apply to me at all;Did not apply to me at all;Did not apply to me at all;Did not apply to me at all;Did not apply to me at all;Did not apply to me at all;Did not apply to me at all;Did not apply to me at all;Did not apply to me at all;Did not apply to me at all;Did not apply to me at all;Did not apply to me at all;Did not apply to me at all;Did not apply to me at all;Did not apply to me at all;Did not apply to me at all;Did not apply to me at all;Did not apply to me at all;Did not apply to me at all;Did not apply to me at all
2nd;20;5 feet;47 kg;Female;Islam;Urban;Own House;Nuclear;2;Business;House Wife;Agree;3,81;4-6 hours;1-3 hours;Single;No;Offen;yes;No;Don't do any;Agree;Agree;I have had a plan at least once to kill myself but did not try to do it;Sometimes (2 times);No;No chance at all;Satisfied;A little;Not at all Noticeable;Barely;Did not apply to me at all;Did not apply to me at all;Applied to me to some degree, or some of the time;Applied to me to some degree, or some of the time;Applied to me to some degree, or some of the time;Applied to me to some degree, or some of the time;Did not apply to me at all;Applied to me to some degree, or some of the time;Applied to me to some degree, or some of the time;Applied to me to some degree, or some of the time;Did not apply to me at all;Did not apply to me at all;Applied to me to some degree, or some of the time;Did not apply to me at all;Applied to me to some degree, or some of the time;Did not apply to me at all;Applied to me to some degree, or some of the time;Did not apply to me at all;Applied to me to some degree, or some of the time;Applied to me to some degree, or some of the time;Did not apply to me at all
2nd semester ;22;5'1;44kg;Female;Islam;Urban;Own House;Nuclear;1;Others;Others;Agree;3,5;1-3 hours;1-3 hours;Single;No;Offen;yes;No;No;Dis-agree;Agree;Never;Never;No;Never;Moderately Satisfied;A little;Not at all Noticeable;Not at all;Did not apply to me at all;Did not apply to me at all;Did not apply to me at all;Did not apply to me at all;Did not apply to me at all;Applied to me to some degree, or some of the time;Did not apply to me at all;Applied to me to some degree, or some of the time;Applied to me to some degree, or some of the time;Applied to me to some degree, or some of the time;Applied to me to some degree, or some of the time;Applied to me to some degree, or some of the time;Applied to me to some degree, or some of the time;Applied to me to some degree, or some of the time;Applied to me to some degree, or some of the time;Applied to me to some degree, or some of the time;Applied to me to some degree, or some of the time;Applied to me to some degree, or some of the time;Did not apply to me at all;Applied to me to some degree, or some of the time;Did not apply to me at all
5th;23;6feet;72kg;Male;Islam;Urban;Rented House or Mess;Nuclear;2;Others;House Wife;Strongly-agree;2,61;1-3 hours;1-3 hours;Single;No;Offen;No;yes;Cyber security;Agree;dis-agree;Never;Never;No;Never;Moderately Satisfied;Not at all Interfering;Barely;Not at all;Did not apply to me at all;Did not apply to me at all;Did not apply to me at all;Applied to me to some degree, or some of the time;Did not apply to me at all;Did not apply to me at all;Did not apply to me at all;Did not apply to me at all;Did not apply to me at all;Did not apply to me at all;Did not apply to me at all;Did not apply to me at all;Applied to me very much or most of the time;Did not apply to me at all;Did not apply to me at all;Did not apply to me at all;Applied to me to a considerable degree or a good part of time;Did not apply to me at all;Applied to me to some degree, or some of the time;Did not apply to me at all;Did not apply to me at all
6;19;5,2;51;Male;Islam;Rural;Own House;Nuclear;7;Business;Service Holder;Agree;3;4-6 hours;1-3 hours;Single;No;Regularly;yes;yes;Ok;Agree;Agree;Never;Never;No;Never;Very Satisfied;Not at all Interfering;Barely;Much;Applied to me to a considerable degree or a good part of time;Applied to me to some degree, or some of the time;Applied to me to some degree, or some of the time;Applied to me to some degree, or some of the time;Applied to me to a considerable degree or a good part of time;Applied to me to some degree, or some of the time;Applied to me to a considerable degree or a good part of time;Applied to me to a considerable degree or a good part of time;Did not apply to me at all;Did not apply to me at all;Did not apply to me at all;Did not apply to me at all;Applied to me to some degree, or some of the time;Did not apply to me at all;Did not apply to me at all;Did not apply to me at all;Did not apply to me at all;Did not apply to me at all;Did not apply to me at all;Did not apply to me at all;Did not apply to me at all
4th;23;5 feet 1 inch;55 kg;Female;Islam;Rural;Rented House or Mess;Nuclear;1;Business;House Wife;Agree;3,67;1-3 hours;1-3 hours;Single;No;Offen;yes;No;N/A;Agree;Agree;Never;Never;No;No chance at all;Moderately Satisfied;A little;Not at all Noticeable;Not at all;Applied to me to some degree, or some of the time;Applied to me to some degree, or some of the time;Applied to me to some degree, or some of the time;Did not apply to me at all;Applied to me to some degree, or some of the time;Applied to me to some degree, or some of the time;Applied to me to some degree, or some of the time;Applied to me to some degree, or some of the time;Applied to me to some degree, or some of the time;Applied to me to some degree, or some of the time;Applied to me to some degree, or some of the time;Applied to me to some degree, or some of the time;Applied to me to some degree, or some of the time;Applied to me to some degree, or some of the time;Applied to me to some degree, or some of the time;Applied to me to some degree, or some of the time;Applied to me to some degree, or some of the time;Applied to me to some degree, or some of the time;Applied to me to some degree, or some of the time;Applied to me to some degree, or some of the time;Applied to me to some degree, or some of the time
4th;23;"5'9""";71;Male;Islam;Urban;Own House;Nuclear;None;Others;House Wife;Dis-agree;2,8;1-3 hours;4-6 hours;Single;No;Offen;No;No;-;Neutral;Neutral;I have attempted to kill myself, but did not want to die;Very Often (5 or more times);Yes, more than once, but did not want to do it;Never;Dissatisfied;Much;Somewhat;Somewhat;Did not apply to me at all;Applied to me to some degree, or some of the time;Applied to me to some degree, or some of the time;Did not apply to me at all;Applied to me to some degree, or some of the time;Applied to me to a considerable degree or a good part of time;Did not apply to me at all;Applied to me to some degree, or some of the time;Applied to me to a considerable degree or a good part of time;Applied to me to a considerable degree or a good part of time;Applied to me to a considerable degree or a good part of time;Applied to me to some degree, or some of the time;Applied to me to a considerable degree or a good part of time;Applied to me to a considerable degree or a good part of time;Did not apply to me at all;Applied to me to some degree, or some of the time;Applied to me to a considerable degree or a good part of time;Applied to me to some degree, or some of the time;Did not apply to me at all;Applied to me to some degree, or some of the time;Applied to me to a considerable degree or a good part of time
6th;20;5 feet 2inches ;72;Female;Islam;Urban;Rented House or Mess;Nuclear;1;Service Holder;House Wife;Agree;3,33;1-3 hours;4-6 hours;Single;No;Regularly;No;yes;badminton  ;Agree;Agree;Never;Never;No;Never;Dissatisfied;Very Much Interfering;Somewhat;Somewhat;Applied to me to some degree, or some of the time;Applied to me to some degree, or some of the time;Did not apply to me at all;;Did not apply to me at all;Did not apply to me at all;Did not apply to me at all;Did not apply to me at all;Applied to me to some degree, or some of the time;Applied to me to some degree, or some of the time;Applied to me to some degree, or some of the time;Applied to me to some degree, or some of the time;Applied to me to some degree, or some of the time;Applied to me to some degree, or some of the time;Did not apply to me at all;Did not apply to me at all;Did not apply to me at all;Did not apply to me at all;Applied to me to some degree, or some of the time;Applied to me to some degree, or some of the time;Did not apply to me at all
7th;22;5,11;65;Male;Islam;Urban;Rented House or Mess;Join or Extended;2;Service Holder;Service Holder;Strongly-agree;3;7-9 hours;4-6 hours;Single;No;Regularly;yes;No;No;Strongly-agree;Strongly-agree;I have had a plan at least once to kill myself but did not try to do it;Very Often (5 or more times);No;Never;Very Satisfied;A little;Much;Not at all;Did not apply to me at all;Did not apply to me at all;Did not apply to me at all;Applied to me to a considerable degree or a good part of time;Applied to me to some degree, or some of the time;Applied to me to a considerable degree or a good part of time;Applied to me to a considerable degree or a good part of time;Did not apply to me at all;Applied to me to some degree, or some of the time;Applied to me to some degree, or some of the time;Did not apply to me at all;Did not apply to me at all;Applied to me to a considerable degree or a good part of time;Applied to me to some degree, or some of the time;Applied to me to some degree, or some of the time;Applied to me to a considerable degree or a good part of time;Applied to me very much or most of the time;Applied to me to a considerable degree or a good part of time;Applied to me very much or most of the time;Applied to me to a considerable degree or a good part of time;Applied to me to some degree, or some of the time
5th;20;5 feet;50;Female;Islam;Urban;Rented House or Mess;Join or Extended;2;Business;House Wife;Agree;3,44;4-6 hours;1-3 hours;Single;No;Regularly;No;yes;Nothing ;Dis-agree;dis-agree;I have had a plan at least once to kill myself but did not try to do it;Very Often (5 or more times);No;Never;Dissatisfied;Much;Not at all Noticeable;Not at all;Did not apply to me at all;Applied to me to a considerable degree or a good part of time;Did not apply to me at all;Applied to me to some degree, or some of the time;Applied to me to a considerable degree or a good part of time;Applied to me to some degree, or some of the time;Did not apply to me at all;Applied to me to a considerable degree or a good part of time;Applied to me to some degree, or some of the time;Applied to me to some degree, or some of the time;Applied to me to a considerable degree or a good part of time;Applied to me to some degree, or some of the time;Did not apply to me at all;Applied to me to some degree, or some of the time;Applied to me to some degree, or some of the time;Applied to me to some degree, or some of the time;Applied to me very much or most of the time;Did not apply to me at all;Did not apply to me at all;Did not apply to me at all;Applied to me very much or most of the time
8th;23;5feet 3inch;59kg;Female;Islam;Urban;Own House;Nuclear;2;Service Holder;House Wife;Strongly-agree;2,94;1-3 hours;1-3 hours;Single;No;Regularly;yes;yes;Dance;Agree;Agree;I have had a plan at least once to kill myself and really wanted to die;Often (3-4 times);No;Never;Moderately Satisfied;Much;Somewhat;Somewhat;Applied to me very much or most of the time;Applied to me to a considerable degree or a good part of time;Applied to me to some degree, or some of the time;Applied to me to some degree, or some of the time;Applied to me to some degree, or some of the time;Applied to me very much or most of the time;Applied to me to a considerable degree or a good part of time;Applied to me to a considerable degree or a good part of time;Applied to me very much or most of the time;Applied to me to some degree, or some of the time;Applied to me to a considerable degree or a good part of time;Applied to me to some degree, or some of the time;Applied to me to some degree, or some of the time;Applied to me to some degree, or some of the time;Applied to me to a considerable degree or a good part of time;Applied to me to a considerable degree or a good part of time;Applied to me to a considerable degree or a good part of time;Applied to me to a considerable degree or a good part of time;Applied to me to a considerable degree or a good part of time;Applied to me to a considerable degree or a good part of time;Applied to me to a considerable degree or a good part of time
2nd;21;5 feet 2 inch;53;Female;Islam;Rural;Own House;Nuclear;3;Service Holder;House Wife;Neural;3,97;1-3 hours;1-3 hours;Single;No;Offen;yes;No;Nothing;Neutral;Agree;Never;Never;No;Never;Satisfied;Not at all Interfering;Somewhat;Not at all;Did not apply to me at all;Applied to me to some degree, or some of the time;Did not apply to me at all;Did not apply to me at all;Did not apply to me at all;Did not apply to me at all;Did not apply to me at all;Did not apply to me at all;Did not apply to me at all;Did not apply to me at all;Applied to me to some degree, or some of the time;Applied to me to some degree, or some of the time;Applied to me to some degree, or some of the time;Applied to me to some degree, or some of the time;Applied to me to some degree, or some of the time;Applied to me to some degree, or some of the time;Applied to me to some degree, or some of the time;Applied to me to some degree, or some of the time;Applied to me to some degree, or some of the time;Applied to me to some degree, or some of the time;Did not apply to me at all
6th;23;"5'5""";58;Female;Hindu;Urban;Rented House or Mess;Nuclear;2;Business;House Wife;Strongly-agree;3;4-6 hours;1-3 hours;Single;No;Regularly;yes;No;No;Agree;Agree;I have attempted to kill myself, but did not want to die;Very Often (5 or more times);No;Never;Dissatisfied;A little;Not at all Noticeable;Very Much;Applied to me to some degree, or some of the time;Did not apply to me at all;Applied to me very much or most of the time;Applied to me very much or most of the time;Applied to me very much or most of the time;Applied to me very much or most of the time;Applied to me very much or most of the time;Applied to me very much or most of the time;Applied to me very much or most of the time;Applied to me very much or most of the time;Applied to me very much or most of the time;Applied to me very much or most of the time;Applied to me very much or most of the time;Applied to me very much or most of the time;Applied to me very much or most of the time;Applied to me very much or most of the time;Applied to me very much or most of the time;Applied to me very much or most of the time;Applied to me very much or most of the time;Applied to me very much or most of the time;Applied to me very much or most of the time
4th;21;5 Feet,1.5inch;41;Female;Islam;Rural;Rented House or Mess;Nuclear;2;Business;House Wife;Strongly-agree;CGPA 3.56;1-3 hours;1-3 hours;Single;No;Regularly;No;yes;Dance;Strongly-agree;Strongly-disagree;Never;Never;No;Never;Moderately Satisfied;Somewhat;Barely;Somewhat;Applied to me very much or most of the time;Applied to me very much or most of the time;Did not apply to me at all;Applied to me very much or most of the time;Did not apply to me at all;Applied to me to some degree, or some of the time;Applied to me to some degree, or some of the time;Applied to me to some degree, or some of the time;Did not apply to me at all;Applied to me very much or most of the time;Applied to me very much or most of the time;Did not apply to me at all;Applied to me to some degree, or some of the time;Applied to me to some degree, or some of the time;Applied to me very much or most of the time;Did not apply to me at all;Did not apply to me at all;Did not apply to me at all;Did not apply to me at all;Did not apply to me at all;Did not apply to me at all
4th;22;5.4feet;52;Male;Islam;Rural;Rented House or Mess;Nuclear;4;Farmer;House Wife;Strongly-agree;3,37;1-3 hours;1-3 hours;Single;No;Regularly;yes;No;No;Agree;Neutral;Never;Never;No;No chance at all;Satisfied;A little;Somewhat;Barely;Did not apply to me at all;Applied to me to a considerable degree or a good part of time;Applied to me to a considerable degree or a good part of time;Applied to me to some degree, or some of the time;Applied to me to some degree, or some of the time;Did not apply to me at all;Applied to me to some degree, or some of the time;Applied to me to some degree, or some of the time;Did not apply to me at all;Applied to me to some degree, or some of the time;Applied to me to some degree, or some of the time;Applied to me to some degree, or some of the time;Did not apply to me at all;Did not apply to me at all;Did not apply to me at all;Applied to me to some degree, or some of the time;Did not apply to me at all;Applied to me to some degree, or some of the time;Applied to me to some degree, or some of the time;Did not apply to me at all;Did not apply to me at all
second;24;5 feet 4 inches;62;Female;Islam;Urban;Own House;Nuclear;1;Business;House Wife;Agree;3,03;4-6 hours;1-3 hours;Single;No;Regularly;No;No;nothing;Strongly-agree;Neutral;I have had a plan at least once to kill myself and really wanted to die;Often (3-4 times);No;No chance at all;Moderately Satisfied;Somewhat;Barely;Barely;Did not apply to me at all;Applied to me very much or most of the time;Applied to me very much or most of the time;Did not apply to me at all;Applied to me to some degree, or some of the time;Applied to me to some degree, or some of the time;Did not apply to me at all;Applied to me to a considerable degree or a good part of time;Applied to me to a considerable degree or a good part of time;Applied to me to a considerable degree or a good part of time;Applied to me to some degree, or some of the time;Applied to me to some degree, or some of the time;Did not apply to me at all;Applied to me to a considerable degree or a good part of time;Applied to me to some degree, or some of the time;Applied to me to a considerable degree or a good part of time;Applied to me to a considerable degree or a good part of time;Did not apply to me at all;Applied to me to a considerable degree or a good part of time;Applied to me very much or most of the time;Applied to me to a considerable degree or a good part of time
5th;20;5feet;63kg;Female;Islam;Urban;Rented House or Mess;Nuclear;3;Others;House Wife;Strongly-agree;3,45;1-3 hours;1-3 hours;Single;No;Regularly;No;No;"My answer was ""No""";Neutral;Neutral;It was just a brief passing thought;Sometimes (2 times);No;No chance at all;Very Dissatisfied;Much;Not at all Noticeable;Very Much;Did not apply to me at all;Applied to me to some degree, or some of the time;Applied to me to some degree, or some of the time;Applied to me very much or most of the time;Applied to me to a considerable degree or a good part of time;Applied to me to some degree, or some of the time;Applied to me to some degree, or some of the time;Applied to me very much or most of the time;Applied to me very much or most of the time;Applied to me to some degree, or some of the time;Applied to me to some degree, or some of the time;Applied to me to some degree, or some of the time;Applied to me to some degree, or some of the time;Applied to me to some degree, or some of the time;Applied to me to some degree, or some of the time;Applied to me to some degree, or some of the time;Applied to me to some degree, or some of the time;Did not apply to me at all;Applied to me to some degree, or some of the time;Applied to me very much or most of the time;Applied to me very much or most of the time
9th;23;5,5;63;Male;Islam;Urban;Own House;Join or Extended;2;Others;House Wife;Agree;3,9;1-3 hours;1-3 hours;Single;No;Regularly;No;yes;Manager Programming Wing;Agree;Neutral;Never;Never;Yes, at one time, but did not really want to die;Rather Unlikely;Dissatisfied;Much;Much;Somewhat;Applied to me to some degree, or some of the time;Applied to me to some degree, or some of the time;Applied to me to some degree, or some of the time;Did not apply to me at all;Applied to me to a considerable degree or a good part of time;Applied to me to some degree, or some of the time;Did not apply to me at all;Applied to me to a considerable degree or a good part of time;Applied to me to some degree, or some of the time;Applied to me to some degree, or some of the time;Applied to me to some degree, or some of the time;Applied to me to some degree, or some of the time;Applied to me to some degree, or some of the time;Applied to me to some degree, or some of the time;Applied to me to some degree, or some of the time;Applied to me to a considerable degree or a good part of time;Applied to me to some degree, or some of the time;Did not apply to me at all;Applied to me to a considerable degree or a good part of time;Applied to me to some degree, or some of the time;Applied to me to a considerable degree or a good part of time
10;23;5,6;78;Male;Islam;Urban;Rented House or Mess;Nuclear;1;Business;House Wife;Neural;2,74;1-3 hours;1-3 hours;Single;Yes;Offen;No;No;no;Neutral;Agree;I have attempted to kill myself, and really hoped to die;Sometimes (2 times);No;Unlikely;Dissatisfied;Much;Much;Much;Did not apply to me at all;Did not apply to me at all;Did not apply to me at all;Did not apply to me at all;Applied to me very much or most of the time;Applied to me very much or most of the time;Did not apply to me at all;Did not apply to me at all;Did not apply to me at all;Did not apply to me at all;Did not apply to me at all;Did not apply to me at all;Applied to me very much or most of the time;Applied to me very much or most of the time;Applied to me to some degree, or some of the time;Did not apply to me at all;Applied to me very much or most of the time;Did not apply to me at all;Applied to me to some degree, or some of the time;Applied to me very much or most of the time;Applied to me very much or most of the time
8th semester;23;5'8'';85;Male;Islam;Rural;Rented House or Mess;Nuclear;4;Business;House Wife;Agree;2,5;4-6 hours;1-3 hours;Single;No;Regularly;No;yes;mentoring class, sports team manager;Neutral;Neutral;Never;Never;No;Never;Moderately Satisfied;A little;Not at all Noticeable;Somewhat;Applied to me to a considerable degree or a good part of time;Applied to me to some degree, or some of the time;Applied to me to a considerable degree or a good part of time;Applied to me to some degree, or some of the time;Applied to me to a considerable degree or a good part of time;Applied to me very much or most of the time;Applied to me to a considerable degree or a good part of time;Applied to me very much or most of the time;Applied to me to some degree, or some of the time;Applied to me to some degree, or some of the time;Applied to me very much or most of the time;Applied to me to a considerable degree or a good part of time;Applied to me very much or most of the time;Did not apply to me at all;Applied to me very much or most of the time;Did not apply to me at all;Applied to me very much or most of the time;Applied to me to a considerable degree or a good part of time;Applied to me to a considerable degree or a good part of time;Applied to me very much or most of the time;Applied to me to a considerable degree or a good part of time
9th;23;5 feet 7 inches ;68;Male;Islam;Rural;Rented House or Mess;Join or Extended;1;Business;House Wife;Strongly-agree;3,3;1-3 hours;1-3 hours;Single;No;Offen;yes;yes;Cricket and football playing ;Agree;Neutral;Never;Never;No;Never;Satisfied;A little;Not at all Noticeable;Not at all;Did not apply to me at all;Applied to me to some degree, or some of the time;Did not apply to me at all;Applied to me to some degree, or some of the time;Applied to me to some degree, or some of the time;Applied to me to some degree, or some of the time;Did not apply to me at all;Did not apply to me at all;Did not apply to me at all;Did not apply to me at all;Did not apply to me at all;Applied to me to some degree, or some of the time;Did not apply to me at all;Did not apply to me at all;Did not apply to me at all;Did not apply to me at all;Did not apply to me at all;Did not apply to me at all;Did not apply to me at all;Did not apply to me at all;Did not apply to me at all
9th;23;5;49;Female;Islam;Urban;Rented House or Mess;Nuclear;1;Business;House Wife;Agree;3,92;4-6 hours;1-3 hours;Single;No;Regularly;yes;No;no extra curricular activities;Agree;Agree;Never;Never;No;Never;Satisfied;A little;Not at all Noticeable;Not at all;Applied to me to some degree, or some of the time;Applied to me to some degree, or some of the time;Applied to me to some degree, or some of the time;Did not apply to me at all;Applied to me to some degree, or some of the time;Applied to me to some degree, or some of the time;Applied to me to some degree, or some of the time;Applied to me to a considerable degree or a good part of time;Applied to me to a considerable degree or a good part of time;Did not apply to me at all;Applied to me to some degree, or some of the time;Applied to me to some degree, or some of the time;Applied to me to some degree, or some of the time;Applied to me to some degree, or some of the time;Did not apply to me at all;Applied to me to some degree, or some of the time;Did not apply to me at all;Applied to me to a considerable degree or a good part of time;Applied to me to a considerable degree or a good part of time;Applied to me to some degree, or some of the time;Did not apply to me at all
9th;22;5'6'';70;Male;Islam;Rural;Own House;Nuclear;3;Business;House Wife;Strongly-disagree;2,58;1-3 hours;1-3 hours;Single;No;Regularly;No;yes;Volunteering, Sports, Ramp, Leadership.;Strongly-agree;Strongly-agree;Never;Never;No;Never;Dissatisfied;A little;Barely;Much;Applied to me to some degree, or some of the time;Did not apply to me at all;Did not apply to me at all;Did not apply to me at all;Applied to me very much or most of the time;Did not apply to me at all;Did not apply to me at all;Applied to me to a considerable degree or a good part of time;Applied to me to some degree, or some of the time;Applied to me to some degree, or some of the time;Did not apply to me at all;Applied to me to some degree, or some of the time;Applied to me to a considerable degree or a good part of time;Applied to me to some degree, or some of the time;Did not apply to me at all;Did not apply to me at all;Applied to me very much or most of the time;Applied to me very much or most of the time;Applied to me very much or most of the time;Applied to me to some degree, or some of the time;Applied to me to some degree, or some of the time
11th;24;5 feet 4 inches;70;Female;Islam;Urban;Rented House or Mess;Nuclear;2;Business;House Wife;Agree;3,6;1-3 hours;4-6 hours;Married;No;Offen;No;No;no;Neutral;Agree;Never;Never;No;No chance at all;Satisfied;Much;Very Much Noticeable;Not at all;Applied to me to some degree, or some of the time;Applied to me to some degree, or some of the time;Applied to me to some degree, or some of the time;Applied to me to some degree, or some of the time;Applied to me to some degree, or some of the time;Applied to me to some degree, or some of the time;Applied to me to some degree, or some of the time;Applied to me to some degree, or some of the time;Applied to me to some degree, or some of the time;Applied to me very much or most of the time;Applied to me to a considerable degree or a good part of time;Applied to me to some degree, or some of the time;Applied to me to some degree, or some of the time;Applied to me to some degree, or some of the time;Applied to me to some degree, or some of the time;Applied to me to some degree, or some of the time;Applied to me to a considerable degree or a good part of time;Applied to me to a considerable degree or a good part of time;Applied to me to a considerable degree or a good part of time;Applied to me to some degree, or some of the time;Applied to me to a considerable degree or a good part of time
9th;22;5,7;69;Male;Islam;Urban;Rented House or Mess;Nuclear;3;Farmer;House Wife;Agree;3,2;1-3 hours;4-6 hours;Single;No;Offen;No;yes;Sports programming;Neutral;Agree;Never;Never;No;No chance at all;Dissatisfied;A little;Much;Much;Applied to me to some degree, or some of the time;Applied to me to some degree, or some of the time;Applied to me to some degree, or some of the time;Applied to me to some degree, or some of the time;Applied to me to some degree, or some of the time;Applied to me to some degree, or some of the time;Did not apply to me at all;Did not apply to me at all;Did not apply to me at all;Did not apply to me at all;Did not apply to me at all;Applied to me to some degree, or some of the time;Did not apply to me at all;Did not apply to me at all;Applied to me to some degree, or some of the time;Did not apply to me at all;Did not apply to me at all;Did not apply to me at all;Did not apply to me at all;Did not apply to me at all;Did not apply to me at all
Spring 2024;23;5,4;70;Male;Islam;Rural;Own House;Join or Extended;17;Business;House Wife;Dis-agree;2,9;1-3 hours;4-6 hours;Single;Yes;Offen;No;No;No i said no;Dis-agree;dis-agree;I have had a plan at least once to kill myself and really wanted to die;Sometimes (2 times);Yes, at one time, and really wanted to do it;No chance at all;Satisfied;A little;Barely;Not at all;Did not apply to me at all;Did not apply to me at all;Did not apply to me at all;Applied to me to some degree, or some of the time;Did not apply to me at all;Applied to me to a considerable degree or a good part of time;Did not apply to me at all;Applied to me to some degree, or some of the time;Applied to me to some degree, or some of the time;Applied to me to a considerable degree or a good part of time;Did not apply to me at all;Applied to me to some degree, or some of the time;Did not apply to me at all;Applied to me to some degree, or some of the time;Applied to me to some degree, or some of the time;Applied to me very much or most of the time;Applied to me to some degree, or some of the time;Did not apply to me at all;Applied to me very much or most of the time;Applied to me to some degree, or some of the time;Applied to me to a considerable degree or a good part of time
9th;Years: 25;5 feet 4 inch;58 kg;Male;Islam;Urban;Rented House or Mess;Nuclear;numbers: 1;Business;House Wife;Agree;3,68;1-3 hours;1-3 hours;Single;No;Regularly;No;yes;Manager of Media And Publication Wing in IUBAT It society  ;Agree;Agree;Never;Never;No;Never;Moderately Satisfied;Much;Not at all Noticeable;Not at all;Did not apply to me at all;Did not apply to me at all;Applied to me to some degree, or some of the time;Did not apply to me at all;Did not apply to me at all;Applied to me to some degree, or some of the time;Applied to me to some degree, or some of the time;Applied to me to some degree, or some of the time;Did not apply to me at all;Did not apply to me at all;Did not apply to me at all;Applied to me to some degree, or some of the time;Did not apply to me at all;Applied to me to some degree, or some of the time;Did not apply to me at all;Did not apply to me at all;Did not apply to me at all;Did not apply to me at all;Did not apply to me at all;Did not apply to me at all;Did not apply to me at all
9th;23;5,4;48 kg;Female;Islam;Urban;Rented House or Mess;Nuclear;1;Service Holder;House Wife;Strongly-agree;3,69;4-6 hours;1-3 hours;Single;No;Offen;No;yes;Debating ;Agree;Agree;Never;Never;No;Never;Dissatisfied;Much;Barely;Somewhat;Applied to me to some degree, or some of the time;Applied to me to some degree, or some of the time;Did not apply to me at all;Applied to me to a considerable degree or a good part of time;Applied to me to some degree, or some of the time;Applied to me to a considerable degree or a good part of time;Applied to me to some degree, or some of the time;Applied to me to some degree, or some of the time;Applied to me to some degree, or some of the time;Applied to me to a considerable degree or a good part of time;Applied to me to some degree, or some of the time;Applied to me to a considerable degree or a good part of time;Applied to me to some degree, or some of the time;Applied to me to some degree, or some of the time;Did not apply to me at all;Applied to me to some degree, or some of the time;Did not apply to me at all;Applied to me to some degree, or some of the time;Applied to me to a considerable degree or a good part of time;Did not apply to me at all;Did not apply to me at all
9;23;"5.3""";49kg;Female;Islam;Urban;Rented House or Mess;Nuclear;2;Service Holder;House Wife;Strongly-agree;3,24;1-3 hours;1-3 hours;Single;No;Offen;No;yes;Volunteer ;Agree;Agree;Never;Never;No;Never;Satisfied;A little;Barely;Somewhat;Applied to me to some degree, or some of the time;Applied to me to some degree, or some of the time;Did not apply to me at all;Applied to me to a considerable degree or a good part of time;Applied to me to a considerable degree or a good part of time;Did not apply to me at all;Applied to me to some degree, or some of the time;Applied to me to some degree, or some of the time;Applied to me to some degree, or some of the time;Applied to me to a considerable degree or a good part of time;Applied to me to some degree, or some of the time;Applied to me to a considerable degree or a good part of time;Applied to me to some degree, or some of the time;Applied to me to some degree, or some of the time;Applied to me to some degree, or some of the time;Applied to me to some degree, or some of the time;Applied to me to some degree, or some of the time;Applied to me to some degree, or some of the time;Applied to me to some degree, or some of the time;Applied to me to some degree, or some of the time;Applied to me to some degree, or some of the time
11th;24;5.6 feet;71kg ;Male;Islam;Rural;Rented House or Mess;Nuclear;2;Service Holder;House Wife;Agree;3,63;1-3 hours;1-3 hours;Single;Yes;Offen;No;yes;problem solving, travelling. ;Neutral;Neutral;I have had a plan at least once to kill myself but did not try to do it;Sometimes (2 times);No;Unlikely;Moderately Satisfied;Much;Barely;Barely;Applied to me to some degree, or some of the time;Applied to me to some degree, or some of the time;Applied to me to some degree, or some of the time;Did not apply to me at all;Applied to me to some degree, or some of the time;Applied to me to some degree, or some of the time;Applied to me to some degree, or some of the time;Applied to me to some degree, or some of the time;Applied to me to some degree, or some of the time;Applied to me to some degree, or some of the time;Applied to me to some degree, or some of the time;Applied to me to some degree, or some of the time;Applied to me to some degree, or some of the time;Applied to me to some degree, or some of the time;Did not apply to me at all;Did not apply to me at all;Did not apply to me at all;Applied to me to some degree, or some of the time;Did not apply to me at all;Applied to me to some degree, or some of the time;Did not apply to me at all
9th;22;5.6';58;Male;Hindu;Rural;Rented House or Mess;Join or Extended;4;Others;House Wife;Neural;2,84;1-3 hours;4-6 hours;Single;No;Offen;No;yes;works with 2 student association, member of  2 university Society, 2 organization, ;Neutral;dis-agree;I have had a plan at least once to kill myself but did not try to do it;Sometimes (2 times);No;No chance at all;Very Dissatisfied;Much;Not at all Noticeable;Very Much;Did not apply to me at all;Did not apply to me at all;Applied to me to some degree, or some of the time;;Applied to me to some degree, or some of the time;Did not apply to me at all;Applied to me to some degree, or some of the time;Applied to me to some degree, or some of the time;Applied to me to some degree, or some of the time;Applied to me to some degree, or some of the time;Applied to me to some degree, or some of the time;Applied to me to some degree, or some of the time;Applied to me very much or most of the time;Did not apply to me at all;Applied to me to some degree, or some of the time;Applied to me to some degree, or some of the time;Applied to me to some degree, or some of the time;Applied to me to some degree, or some of the time;Did not apply to me at all;Applied to me to some degree, or some of the time;Applied to me to some degree, or some of the time
9th;23;"5.8""";72;Male;Islam;Urban;Rented House or Mess;Join or Extended;2;Others;House Wife;Strongly-disagree;2,8;1-3 hours;1-3 hours;Single;Yes;Regularly;No;yes;Sports,Voluntary,Leadership,;Agree;Agree;Never;Rarely (1 time);No;No chance at all;Satisfied;A little;Barely;Barely;Did not apply to me at all;Did not apply to me at all;Applied to me to some degree, or some of the time;Applied to me to a considerable degree or a good part of time;Applied to me to a considerable degree or a good part of time;Did not apply to me at all;Applied to me to some degree, or some of the time;Applied to me to some degree, or some of the time;Applied to me to a considerable degree or a good part of time;Applied to me to some degree, or some of the time;Applied to me very much or most of the time;Applied to me very much or most of the time;Applied to me to some degree, or some of the time;Applied to me to a considerable degree or a good part of time;Applied to me to a considerable degree or a good part of time;Did not apply to me at all;Applied to me to a considerable degree or a good part of time;Applied to me to a considerable degree or a good part of time;Applied to me to some degree, or some of the time;Did not apply to me at all;Applied to me very much or most of the time
9th;23;5,4;65;Female;Islam;Rural;Rented House or Mess;Nuclear;4;Business;House Wife;Strongly-agree;2,5;1-3 hours;1-3 hours;Single;No;Regularly;yes;No;No;Strongly-agree;Strongly-agree;Never;Never;No;Never;Satisfied;Not at all Interfering;Not at all Noticeable;Not at all;Did not apply to me at all;Did not apply to me at all;Did not apply to me at all;Did not apply to me at all;Did not apply to me at all;Did not apply to me at all;Did not apply to me at all;Did not apply to me at all;Did not apply to me at all;Did not apply to me at all;Did not apply to me at all;Did not apply to me at all;Did not apply to me at all;Did not apply to me at all;Did not apply to me at all;Did not apply to me at all;Did not apply to me at all;Did not apply to me at all;Did not apply to me at all;Did not apply to me at all;Did not apply to me at all
7th;23;5 .1;42;Female;Islam;Urban;Rented House or Mess;Nuclear;3;Business;House Wife;Agree;3,4;4-6 hours;1-3 hours;Single;No;Regularly;No;yes;volunteer  ;Strongly-agree;Strongly-agree;It was just a brief passing thought;Rarely (1 time);No;Never;Dissatisfied;Much;Much;Much;Applied to me to some degree, or some of the time;Applied to me to some degree, or some of the time;Did not apply to me at all;Applied to me to some degree, or some of the time;Applied to me to some degree, or some of the time;Applied to me to some degree, or some of the time;Applied to me to some degree, or some of the time;Applied to me to some degree, or some of the time;Applied to me to some degree, or some of the time;Applied to me to some degree, or some of the time;Applied to me to some degree, or some of the time;Applied to me to some degree, or some of the time;Applied to me to some degree, or some of the time;Applied to me to some degree, or some of the time;Applied to me to some degree, or some of the time;Applied to me to some degree, or some of the time;Applied to me to some degree, or some of the time;Applied to me to some degree, or some of the time;Did not apply to me at all;Applied to me to some degree, or some of the time;Did not apply to me at all
11th;25;5 feet 8.5 inch;64;Male;Islam;Urban;Rented House or Mess;Nuclear;0;Others;House Wife;Strongly-disagree;3,82;4-6 hours;4-6 hours;Single;No;Regularly;yes;yes;Quran Recitation, Debate, Taking classes, Organizing ;Strongly-agree;Strongly-agree;Never;Often (3-4 times);Yes, more than once, but did not want to do it;Never;Very Satisfied;A little;Not at all Noticeable;Not at all;Did not apply to me at all;Applied to me to some degree, or some of the time;Did not apply to me at all;Applied to me to some degree, or some of the time;Applied to me to a considerable degree or a good part of time;Applied to me to some degree, or some of the time;Applied to me to some degree, or some of the time;Applied to me to some degree, or some of the time;Applied to me to a considerable degree or a good part of time;Applied to me to some degree, or some of the time;Applied to me to a considerable degree or a good part of time;Applied to me to some degree, or some of the time;Applied to me to a considerable degree or a good part of time;Applied to me to a considerable degree or a good part of time;Did not apply to me at all;Did not apply to me at all;Applied to me very much or most of the time;Applied to me very much or most of the time;Applied to me to a considerable degree or a good part of time;Did not apply to me at all;Applied to me to a considerable degree or a good part of time
2nd;19;5,9;60;Male;Islam;Rural;Rented House or Mess;Join or Extended;2;Business;Service Holder;Strongly-agree;3,02;4-6 hours;1-3 hours;Single;No;Regularly;No;yes;Games;Neutral;Agree;Never;Never;No;No chance at all;Dissatisfied;A little;Not at all Noticeable;Barely;Did not apply to me at all;Did not apply to me at all;Did not apply to me at all;Applied to me to some degree, or some of the time;Did not apply to me at all;Did not apply to me at all;Did not apply to me at all;Did not apply to me at all;Did not apply to me at all;Did not apply to me at all;Did not apply to me at all;Did not apply to me at all;Did not apply to me at all;Did not apply to me at all;Did not apply to me at all;Applied to me to a considerable degree or a good part of time;Did not apply to me at all;Did not apply to me at all;Did not apply to me at all;Did not apply to me at all;Did not apply to me at all
12;25;"5'10""";65;Male;Islam;Rural;Own House;Nuclear;4;Service Holder;House Wife;Strongly-agree;2,71;1-3 hours;4-6 hours;Married;No;Offen;No;yes;Cycling, Diy works;Agree;Agree;It was just a brief passing thought;Sometimes (2 times);No;No chance at all;Very Satisfied;Somewhat;Barely;Not at all;Did not apply to me at all;Applied to me to some degree, or some of the time;Did not apply to me at all;Did not apply to me at all;Did not apply to me at all;Applied to me to a considerable degree or a good part of time;Applied to me to some degree, or some of the time;Applied to me to some degree, or some of the time;Applied to me to some degree, or some of the time;Applied to me to some degree, or some of the time;Applied to me to some degree, or some of the time;Did not apply to me at all;Applied to me to some degree, or some of the time;Applied to me to some degree, or some of the time;Applied to me to some degree, or some of the time;Applied to me to some degree, or some of the time;Applied to me to some degree, or some of the time;Did not apply to me at all;Applied to me to some degree, or some of the time;Applied to me to some degree, or some of the time;Applied to me to some degree, or some of the time
1st;19;"5'7"" ";70;Male;Islam;Rural;Rented House or Mess;Nuclear;1;Business;Others;Neural;NA;1-3 hours;1-3 hours;Single;No;Rarely;No;No;Nothing ;Agree;Agree;It was just a brief passing thought;Rarely (1 time);No;No chance at all;Moderately Satisfied;Much;Barely;Somewhat;Applied to me to some degree, or some of the time;Applied to me to some degree, or some of the time;Applied to me to some degree, or some of the time;Applied to me to some degree, or some of the time;Applied to me to some degree, or some of the time;Applied to me to a considerable degree or a good part of time;Applied to me to some degree, or some of the time;Applied to me to a considerable degree or a good part of time;Applied to me to a considerable degree or a good part of time;Applied to me to some degree, or some of the time;Applied to me to a considerable degree or a good part of time;Applied to me to a considerable degree or a good part of time;Applied to me to a considerable degree or a good part of time;Applied to me to some degree, or some of the time;Applied to me to some degree, or some of the time;Applied to me to some degree, or some of the time;Applied to me to some degree, or some of the time;Applied to me to some degree, or some of the time;Applied to me to some degree, or some of the time;Applied to me to some degree, or some of the time;Applied to me to a considerable degree or a good part of time
2nd;21;"5'3""";59;Male;Islam;Rural;Rented House or Mess;Nuclear;2;Service Holder;House Wife;Strongly-agree;3,56;4-6 hours;1-3 hours;Single;Yes;Offen;yes;yes;HarvardX CS50-Web programing with python and JavaScript;Dis-agree;Strongly-agree;Never;Never;No;Never;Moderately Satisfied;A little;Not at all Noticeable;Barely;Applied to me to a considerable degree or a good part of time;Applied to me to a considerable degree or a good part of time;Did not apply to me at all;Applied to me to some degree, or some of the time;Applied to me to some degree, or some of the time;Did not apply to me at all;Applied to me to some degree, or some of the time;Applied to me to some degree, or some of the time;Applied to me to some degree, or some of the time;Did not apply to me at all;Applied to me to some degree, or some of the time;Applied to me to some degree, or some of the time;Applied to me to some degree, or some of the time;Applied to me to some degree, or some of the time;Applied to me to some degree, or some of the time;Did not apply to me at all;Did not apply to me at all;Did not apply to me at all;Applied to me to some degree, or some of the time;Did not apply to me at all;Did not apply to me at all
4th;21;"5'5""";50;Female;Islam;Rural;Rented House or Mess;Nuclear;2;Others;House Wife;Agree;3,2;4-6 hours;1-3 hours;Single;No;Regularly;yes;No;No;Agree;dis-agree;Never;Never;No;No chance at all;Satisfied;Very Much Interfering;Barely;Much;Did not apply to me at all;Did not apply to me at all;Did not apply to me at all;Applied to me to some degree, or some of the time;Did not apply to me at all;Did not apply to me at all;Did not apply to me at all;Did not apply to me at all;Did not apply to me at all;Did not apply to me at all;Did not apply to me at all;Applied to me to some degree, or some of the time;Applied to me to some degree, or some of the time;Did not apply to me at all;Applied to me to some degree, or some of the time;Did not apply to me at all;Did not apply to me at all;Did not apply to me at all;Did not apply to me at all;Applied to me to some degree, or some of the time;Did not apply to me at all
1st;20;5 feet 7 inches;70kg;Male;Islam;Rural;Rented House or Mess;Nuclear;1;Service Holder;House Wife;Strongly-agree;I am a fresher, first semester student.;4-6 hours;1-3 hours;Single;No;Regularly;yes;No;not doing;Agree;Agree;Never;Never;No;No chance at all;Satisfied;A little;Not at all Noticeable;Not at all;Did not apply to me at all;Did not apply to me at all;Did not apply to me at all;Did not apply to me at all;Did not apply to me at all;Did not apply to me at all;Did not apply to me at all;Did not apply to me at all;Did not apply to me at all;Did not apply to me at all;Did not apply to me at all;Did not apply to me at all;Did not apply to me at all;Did not apply to me at all;Did not apply to me at all;Did not apply to me at all;Did not apply to me at all;Did not apply to me at all;Did not apply to me at all;Did not apply to me at all;Did not apply to me at all
9th;20;5 feet 10 inches ;80;Male;Islam;Urban;Rented House or Mess;Nuclear;0;Others;Others;Neural;2,86;1-3 hours;1-3 hours;Single;Yes;Regularly;No;yes;Writing ;Agree;Neutral;I have had a plan at least once to kill myself but did not try to do it;Rarely (1 time);No;Rather Unlikely;Dissatisfied;Somewhat;Much;Somewhat;Applied to me to some degree, or some of the time;Applied to me to some degree, or some of the time;Applied to me to a considerable degree or a good part of time;Applied to me to some degree, or some of the time;Applied to me very much or most of the time;Applied to me to some degree, or some of the time;Applied to me to a considerable degree or a good part of time;Applied to me to a considerable degree or a good part of time;Applied to me to a considerable degree or a good part of time;Applied to me to a considerable degree or a good part of time;Applied to me to a considerable degree or a good part of time;Applied to me to some degree, or some of the time;Applied to me very much or most of the time;Applied to me to a considerable degree or a good part of time;Applied to me to a considerable degree or a good part of time;Applied to me to some degree, or some of the time;Applied to me to a considerable degree or a good part of time;Applied to me to some degree, or some of the time;Did not apply to me at all;Applied to me to a considerable degree or a good part of time;Applied to me very much or most of the time
1st;20;5'8;67;Male;Islam;Rural;Rented House or Mess;Nuclear;1;Business;House Wife;Strongly-agree;not get yet;1-3 hours;1-3 hours;Single;No;Offen;yes;No;volunteer;Strongly-agree;Strongly-agree;Never;Never;No;Never;Moderately Satisfied;A little;Barely;Barely;Did not apply to me at all;Did not apply to me at all;Did not apply to me at all;Did not apply to me at all;Applied to me to some degree, or some of the time;Did not apply to me at all;Did not apply to me at all;Applied to me to some degree, or some of the time;Did not apply to me at all;Did not apply to me at all;Did not apply to me at all;Applied to me to some degree, or some of the time;Applied to me to some degree, or some of the time;Did not apply to me at all;Applied to me to some degree, or some of the time;Applied to me to some degree, or some of the time;Did not apply to me at all;Did not apply to me at all;Did not apply to me at all;Did not apply to me at all;Did not apply to me at all
10 th;23;5 feet 5 Inch;65;Male;Islam;Rural;Own House;Join or Extended;1;Others;House Wife;Agree;1,52;4-6 hours;1-3 hours;Engaged;No;Regularly;yes;No;No;Strongly-agree;Strongly-agree;Never;Never;No;Never;Dissatisfied;A little;Much;Much;Did not apply to me at all;Applied to me very much or most of the time;Did not apply to me at all;Did not apply to me at all;Did not apply to me at all;Did not apply to me at all;Did not apply to me at all;Applied to me to some degree, or some of the time;Did not apply to me at all;Did not apply to me at all;Did not apply to me at all;Did not apply to me at all;Did not apply to me at all;Did not apply to me at all;Applied to me to some degree, or some of the time;Applied to me to some degree, or some of the time;Did not apply to me at all;Did not apply to me at all;Did not apply to me at all;Did not apply to me at all;Did not apply to me at all
1st;20;"5' 6""";53;Male;Hindu;Rural;Rented House or Mess;Nuclear;2;Business;House Wife;Strongly-agree;no cgpa;1-3 hours;1-3 hours;Single;No;Offen;yes;No;no;Agree;Agree;Never;Never;No;No chance at all;Very Satisfied;Not at all Interfering;Not at all Noticeable;Not at all;Applied to me to some degree, or some of the time;Did not apply to me at all;Applied to me to some degree, or some of the time;Did not apply to me at all;Did not apply to me at all;Applied to me to some degree, or some of the time;Applied to me to some degree, or some of the time;Applied to me to some degree, or some of the time;Applied to me to some degree, or some of the time;Did not apply to me at all;Applied to me to some degree, or some of the time;Applied to me to some degree, or some of the time;Applied to me to some degree, or some of the time;Applied to me to a considerable degree or a good part of time;Did not apply to me at all;Did not apply to me at all;Applied to me to some degree, or some of the time;Applied to me to some degree, or some of the time;Applied to me to some degree, or some of the time;Did not apply to me at all;Did not apply to me at all
5th;20;5 feet;50;Female;Islam;Urban;Rented House or Mess;Nuclear;0;Business;House Wife;Strongly-agree;3,1;1-3 hours;1-3 hours;Single;No;Regularly;yes;No;no;Agree;Agree;Never;Never;No;Never;Satisfied;Not at all Interfering;Not at all Noticeable;Not at all;Did not apply to me at all;Did not apply to me at all;Did not apply to me at all;Did not apply to me at all;Did not apply to me at all;Did not apply to me at all;Did not apply to me at all;Did not apply to me at all;Did not apply to me at all;Did not apply to me at all;Did not apply to me at all;Did not apply to me at all;Did not apply to me at all;Did not apply to me at all;Did not apply to me at all;Did not apply to me at all;Did not apply to me at all;Did not apply to me at all;Did not apply to me at all;Did not apply to me at all;Did not apply to me at all
2nd;29;5 feet;50kg;Female;Islam;Urban;Own House;Nuclear;1;Service Holder;House Wife;Agree;3,7;1-3 hours;1-3 hours;Single;No;Offen;yes;No;No;Agree;Strongly-agree;I have had a plan at least once to kill myself and really wanted to die;Rarely (1 time);No;Rather Unlikely;Dissatisfied;A little;Somewhat;Somewhat;Applied to me to some degree, or some of the time;Applied to me to some degree, or some of the time;Did not apply to me at all;Applied to me to a considerable degree or a good part of time;Applied to me to a considerable degree or a good part of time;Applied to me to a considerable degree or a good part of time;Applied to me to a considerable degree or a good part of time;Applied to me very much or most of the time;Applied to me very much or most of the time;Applied to me very much or most of the time;Applied to me very much or most of the time;Applied to me very much or most of the time;Applied to me to a considerable degree or a good part of time;Applied to me to a considerable degree or a good part of time;Applied to me very much or most of the time;Applied to me to a considerable degree or a good part of time;Applied to me very much or most of the time;Applied to me to some degree, or some of the time;Applied to me to some degree, or some of the time;Applied to me to a considerable degree or a good part of time;Applied to me to a considerable degree or a good part of time
2nd;20;5 feet 2 inch;52;Female;Islam;Urban;Rented House or Mess;Nuclear;2;Business;House Wife;Agree;3,67;1-3 hours;4-6 hours;Single;No;Offen;No;No;It's no;Neutral;Neutral;Never;Never;No;Never;Satisfied;A little;Not at all Noticeable;Not at all;Did not apply to me at all;Did not apply to me at all;Did not apply to me at all;;Did not apply to me at all;Did not apply to me at all;Did not apply to me at all;Did not apply to me at all;Did not apply to me at all;Did not apply to me at all;Did not apply to me at all;Did not apply to me at all;Did not apply to me at all;Did not apply to me at all;Did not apply to me at all;Did not apply to me at all;Did not apply to me at all;Did not apply to me at all;Did not apply to me at all;Did not apply to me at all;Did not apply to me at all
1st;18;5 feet;82;Male;Islam;Rural;Rented House or Mess;Join or Extended;6;Service Holder;House Wife;Agree;3,2;1-3 hours;1-3 hours;Single;No;Regularly;yes;No;No;Neutral;Neutral;Never;Never;Yes, at one time, but did not really want to die;Never;Satisfied;Not at all Interfering;Barely;Not at all;Did not apply to me at all;Did not apply to me at all;Did not apply to me at all;Did not apply to me at all;Did not apply to me at all;Applied to me to some degree, or some of the time;Did not apply to me at all;Applied to me very much or most of the time;Applied to me to some degree, or some of the time;Did not apply to me at all;Did not apply to me at all;Did not apply to me at all;Did not apply to me at all;Did not apply to me at all;Applied to me to some degree, or some of the time;Did not apply to me at all;Did not apply to me at all;Did not apply to me at all;Did not apply to me at all;Did not apply to me at all;Did not apply to me at all
1st;20;4 feet 11 inches;43 kg;Female;Islam;Rural;Own House;Nuclear;2;Service Holder;Service Holder;Neural;NA;1-3 hours;1-3 hours;Single;No;Rarely;No;No;NA;Agree;Agree;I have had a plan at least once to kill myself but did not try to do it;Often (3-4 times);Yes, more than once, but did not want to do it;Rather Unlikely;Dissatisfied;A little;Barely;Somewhat;Applied to me to a considerable degree or a good part of time;Applied to me to some degree, or some of the time;Did not apply to me at all;;Applied to me to some degree, or some of the time;Applied to me to a considerable degree or a good part of time;Applied to me to some degree, or some of the time;Applied to me to a considerable degree or a good part of time;Applied to me to some degree, or some of the time;Applied to me to a considerable degree or a good part of time;Applied to me to some degree, or some of the time;Applied to me very much or most of the time;Applied to me to a considerable degree or a good part of time;Applied to me to a considerable degree or a good part of time;Applied to me to some degree, or some of the time;Applied to me to some degree, or some of the time;Applied to me to a considerable degree or a good part of time;Applied to me to a considerable degree or a good part of time;Applied to me to some degree, or some of the time;Applied to me to some degree, or some of the time;Applied to me to a considerable degree or a good part of time
9;23;5,3;45;Female;Islam;Rural;Rented House or Mess;Nuclear;2;Others;House Wife;Neural;3,53;4-6 hours;1-3 hours;Single;No;Regularly;yes;yes;Photography, crafting, making arts;Dis-agree;Agree;It was just a brief passing thought;Never;No;Never;Moderately Satisfied;A little;Barely;Barely;Applied to me to some degree, or some of the time;Did not apply to me at all;Did not apply to me at all;Applied to me to some degree, or some of the time;Applied to me to some degree, or some of the time;Applied to me to some degree, or some of the time;Applied to me to some degree, or some of the time;Applied to me to some degree, or some of the time;Did not apply to me at all;Did not apply to me at all;Did not apply to me at all;Applied to me to some degree, or some of the time;Applied to me to some degree, or some of the time;Did not apply to me at all;Applied to me to some degree, or some of the time;Did not apply to me at all;Did not apply to me at all;Did not apply to me at all;Did not apply to me at all;Did not apply to me at all;Did not apply to me at all
1st;19;69 inch;64;Male;Islam;Urban;Rented House or Mess;Nuclear;1;Service Holder;House Wife;Agree;00;1-3 hours;4-6 hours;Single;No;Offen;yes;yes;Playing games ;Dis-agree;Agree;I have had a plan at least once to kill myself and really wanted to die;Often (3-4 times);No;Likely;Dissatisfied;Not at all Interfering;Not at all Noticeable;Very Much;Did not apply to me at all;Did not apply to me at all;Applied to me to a considerable degree or a good part of time;Did not apply to me at all;Did not apply to me at all;Did not apply to me at all;Did not apply to me at all;Applied to me very much or most of the time;Applied to me to some degree, or some of the time;Applied to me to a considerable degree or a good part of time;Did not apply to me at all;Applied to me to a considerable degree or a good part of time;Did not apply to me at all;Did not apply to me at all;Did not apply to me at all;Did not apply to me at all;Did not apply to me at all;Did not apply to me at all;Did not apply to me at all;Did not apply to me at all;Did not apply to me at all
10th semester ;22;3 feet ;70;Male;Islam;Rural;Rented House or Mess;Join or Extended;12;Others;Others;Strongly-agree;3,43;7-9 hours;1-3 hours;Single;No;Regularly;yes;No;I said no ;Agree;Agree;Never;Never;No;Never;Satisfied;A little;Somewhat;Somewhat;Did not apply to me at all;Did not apply to me at all;Did not apply to me at all;Did not apply to me at all;Did not apply to me at all;Did not apply to me at all;Did not apply to me at all;Did not apply to me at all;Did not apply to me at all;Did not apply to me at all;Did not apply to me at all;Did not apply to me at all;Applied to me to some degree, or some of the time;Applied to me to some degree, or some of the time;Did not apply to me at all;Applied to me to some degree, or some of the time;Applied to me to some degree, or some of the time;Applied to me to some degree, or some of the time;Did not apply to me at all;Did not apply to me at all;Did not apply to me at all
10;22;5,7;91;Male;Islam;Rural;Rented House or Mess;Nuclear;1;Service Holder;House Wife;Agree;3,8;1-3 hours;1-3 hours;Single;No;Offen;No;No;Nothing ;Agree;Agree;Never;Never;No;Never;Moderately Satisfied;Not at all Interfering;Barely;Barely;Did not apply to me at all;Did not apply to me at all;Did not apply to me at all;Applied to me to some degree, or some of the time;Did not apply to me at all;Applied to me to some degree, or some of the time;Did not apply to me at all;Did not apply to me at all;Applied to me to some degree, or some of the time;Applied to me to some degree, or some of the time;Did not apply to me at all;Did not apply to me at all;Did not apply to me at all;Did not apply to me at all;Did not apply to me at all;Did not apply to me at all;Did not apply to me at all;Did not apply to me at all;Did not apply to me at all;Did not apply to me at all;Did not apply to me at all
10th;21;5,8;74;Male;Islam;Rural;Own House;Join or Extended;3;Service Holder;House Wife;Agree;3,53;1-3 hours;>=9 hours;Single;No;Rarely;No;yes;coding;Strongly-agree;Strongly-agree;It was just a brief passing thought;Sometimes (2 times);Yes, at one time, and really wanted to do it;Likely;Very Dissatisfied;Somewhat;Not at all Noticeable;Not at all;Applied to me to a considerable degree or a good part of time;Applied to me to some degree, or some of the time;Applied to me to some degree, or some of the time;Did not apply to me at all;Did not apply to me at all;Applied to me to some degree, or some of the time;Did not apply to me at all;Did not apply to me at all;Did not apply to me at all;Did not apply to me at all;Did not apply to me at all;Did not apply to me at all;Did not apply to me at all;Did not apply to me at all;Did not apply to me at all;Did not apply to me at all;Applied to me very much or most of the time;Applied to me very much or most of the time;Applied to me to some degree, or some of the time;Did not apply to me at all;Applied to me very much or most of the time
10th;23;5,4;70;Female;Islam;Urban;Own House;Join or Extended;4;Business;House Wife;Neural;3,78;4-6 hours;>=9 hours;Engaged;No;Regularly;yes;No;none;Neutral;Agree;Never;Never;No;Never;Dissatisfied;A little;Not at all Noticeable;Barely;Did not apply to me at all;Did not apply to me at all;Did not apply to me at all;Did not apply to me at all;Did not apply to me at all;Did not apply to me at all;Did not apply to me at all;Did not apply to me at all;Did not apply to me at all;Did not apply to me at all;Did not apply to me at all;Did not apply to me at all;Did not apply to me at all;Did not apply to me at all;Did not apply to me at all;Did not apply to me at all;Did not apply to me at all;Did not apply to me at all;Did not apply to me at all;Did not apply to me at all;Did not apply to me at all
9th;23;5.2'';65;Female;Islam;Rural;Rented House or Mess;Nuclear;2;Service Holder;Service Holder;Strongly-agree;3,01;1-3 hours;>=9 hours;Single;No;Regularly;No;No;no;Agree;Neutral;Never;Never;No;Never;Very Satisfied;A little;Very Much Noticeable;Not at all;Did not apply to me at all;Did not apply to me at all;Did not apply to me at all;Did not apply to me at all;Did not apply to me at all;Did not apply to me at all;Did not apply to me at all;Applied to me to some degree, or some of the time;Did not apply to me at all;Did not apply to me at all;Did not apply to me at all;Did not apply to me at all;Did not apply to me at all;Did not apply to me at all;Did not apply to me at all;Did not apply to me at all;Did not apply to me at all;Did not apply to me at all;Did not apply to me at all;Did not apply to me at all;Applied to me very much or most of the time
12;24;"5'.6""";60;Male;Islam;Urban;Rented House or Mess;Join or Extended;5;Business;House Wife;Strongly-agree;3;1-3 hours;4-6 hours;Single;No;Regularly;yes;yes;Web Development , Programing, Freelancing;Agree;Strongly-agree;Never;Never;No;Never;Dissatisfied;Much;Very Much Noticeable;Very Much;Did not apply to me at all;Applied to me to some degree, or some of the time;Applied to me to a considerable degree or a good part of time;Applied to me to some degree, or some of the time;Applied to me very much or most of the time;Applied to me to a considerable degree or a good part of time;Applied to me to some degree, or some of the time;Applied to me to a considerable degree or a good part of time;Applied to me to some degree, or some of the time;Applied to me to some degree, or some of the time;Applied to me to a considerable degree or a good part of time;Applied to me to some degree, or some of the time;Applied to me to a considerable degree or a good part of time;Applied to me to some degree, or some of the time;Applied to me to a considerable degree or a good part of time;Applied to me to a considerable degree or a good part of time;Applied to me to some degree, or some of the time;Applied to me to some degree, or some of the time;Applied to me to a considerable degree or a good part of time;Applied to me to a considerable degree or a good part of time;Did not apply to me at all
10th;25;5feet 3 inches;65kg;Female;Islam;Urban;Rented House or Mess;Join or Extended;1;Service Holder;House Wife;Agree;3,1;4-6 hours;1-3 hours;Married;No;Offen;No;No;Nothing ;Strongly-agree;Agree;Never;Never;No;Never;Satisfied;A little;Somewhat;Very Much;Applied to me to a considerable degree or a good part of time;Applied to me to a considerable degree or a good part of time;Did not apply to me at all;Applied to me to a considerable degree or a good part of time;Applied to me to some degree, or some of the time;Applied to me to a considerable degree or a good part of time;Did not apply to me at all;Applied to me to some degree, or some of the time;Applied to me to a considerable degree or a good part of time;Applied to me to a considerable degree or a good part of time;Did not apply to me at all;Applied to me to some degree, or some of the time;Applied to me to some degree, or some of the time;Applied to me to some degree, or some of the time;Applied to me to some degree, or some of the time;Did not apply to me at all;Applied to me to some degree, or some of the time;Did not apply to me at all;Did not apply to me at all;Did not apply to me at all;Did not apply to me at all
10th;23;5,8;78;Male;Islam;Urban;Rented House or Mess;Nuclear;1;Business;Service Holder;Strongly-agree;2,85;1-3 hours;1-3 hours;Single;No;Regularly;yes;yes;web development and digital marketing ;Agree;Agree;Never;Never;No;Never;Satisfied;Not at all Interfering;Not at all Noticeable;Not at all;Did not apply to me at all;Applied to me to a considerable degree or a good part of time;Applied to me to a considerable degree or a good part of time;Did not apply to me at all;Applied to me to a considerable degree or a good part of time;Applied to me to some degree, or some of the time;Did not apply to me at all;Applied to me to some degree, or some of the time;Applied to me to some degree, or some of the time;Did not apply to me at all;Did not apply to me at all;Did not apply to me at all;Did not apply to me at all;Applied to me to some degree, or some of the time;Applied to me to a considerable degree or a good part of time;Did not apply to me at all;Did not apply to me at all;Did not apply to me at all;Did not apply to me at all;Did not apply to me at all;Did not apply to me at all
10th;21;5 feet 6 inchees;75 kg;Male;Islam;Rural;Rented House or Mess;Nuclear;5;Farmer;House Wife;Agree;3,22;4-6 hours;1-3 hours;Single;No;Regularly;yes;yes;cricket;Strongly-agree;Strongly-agree;Never;Never;No;Never;Satisfied;A little;Much;Not at all;Did not apply to me at all;Did not apply to me at all;Did not apply to me at all;Did not apply to me at all;Did not apply to me at all;Did not apply to me at all;Did not apply to me at all;Did not apply to me at all;Did not apply to me at all;Did not apply to me at all;Did not apply to me at all;Did not apply to me at all;Did not apply to me at all;Did not apply to me at all;Did not apply to me at all;Did not apply to me at all;Did not apply to me at all;Did not apply to me at all;Did not apply to me at all;Did not apply to me at all;Did not apply to me at all
9;25;1;66;Male;Islam;Urban;Rented House or Mess;Join or Extended;4;Others;Others;Strongly-agree;3,79;4-6 hours;1-3 hours;Single;No;Regularly;yes;yes;playing football;Neutral;Neutral;Never;Never;No;Never;Very Satisfied;Much;Not at all Noticeable;Somewhat;Did not apply to me at all;Did not apply to me at all;Did not apply to me at all;Did not apply to me at all;Applied to me to some degree, or some of the time;Applied to me to some degree, or some of the time;Applied to me to some degree, or some of the time;Did not apply to me at all;Did not apply to me at all;Did not apply to me at all;Did not apply to me at all;Did not apply to me at all;Did not apply to me at all;Did not apply to me at all;Did not apply to me at all;Did not apply to me at all;Did not apply to me at all;Did not apply to me at all;Did not apply to me at all;Did not apply to me at all;Did not apply to me at all
10th;23;"5.4""";55 kg;Male;Islam;Urban;Own House;Nuclear;0;Business;House Wife;Agree;2,75;1-3 hours;1-3 hours;Single;Yes;Regularly;No;No;No;Neutral;Agree;It was just a brief passing thought;Sometimes (2 times);No;Never;Dissatisfied;Very Much Interfering;Not at all Noticeable;Much;Applied to me very much or most of the time;Did not apply to me at all;Applied to me very much or most of the time;Applied to me to some degree, or some of the time;Applied to me to some degree, or some of the time;Did not apply to me at all;Applied to me to some degree, or some of the time;Applied to me to a considerable degree or a good part of time;Applied to me to some degree, or some of the time;Applied to me to a considerable degree or a good part of time;Applied to me very much or most of the time;Applied to me very much or most of the time;Did not apply to me at all;Applied to me to some degree, or some of the time;Applied to me to some degree, or some of the time;Applied to me to some degree, or some of the time;Did not apply to me at all;Did not apply to me at all;Did not apply to me at all;Did not apply to me at all;Applied to me to a considerable degree or a good part of time
9th;22;5 feet 11 Inch;87;Male;Islam;Urban;Rented House or Mess;Nuclear;2;Business;House Wife;Neural;3,44;1-3 hours;4-6 hours;Single;No;Offen;yes;yes;Performing Music, Playing Guitar;Neutral;Agree;It was just a brief passing thought;Rarely (1 time);Yes, at one time, and really wanted to do it;Never;Dissatisfied;Much;Somewhat;Somewhat;Applied to me very much or most of the time;Did not apply to me at all;Applied to me to some degree, or some of the time;Applied to me to some degree, or some of the time;Applied to me to a considerable degree or a good part of time;Did not apply to me at all;Did not apply to me at all;Did not apply to me at all;Applied to me to a considerable degree or a good part of time;Applied to me to a considerable degree or a good part of time;Applied to me to some degree, or some of the time;Applied to me to a considerable degree or a good part of time;Applied to me to a considerable degree or a good part of time;Applied to me to some degree, or some of the time;Applied to me very much or most of the time;Applied to me to a considerable degree or a good part of time;Applied to me very much or most of the time;Applied to me to a considerable degree or a good part of time;Applied to me to some degree, or some of the time;Applied to me to a considerable degree or a good part of time;Applied to me very much or most of the time
9th;23;5 feet 9 inch;64;Male;Islam;Urban;Rented House or Mess;Nuclear;1;Business;House Wife;Agree;3,65;1-3 hours;1-3 hours;Single;Yes;Rarely;yes;yes;Programming ;Dis-agree;Agree;Never;Never;No;Never;Dissatisfied;Much;Somewhat;Somewhat;Applied to me to some degree, or some of the time;Applied to me to some degree, or some of the time;Applied to me to some degree, or some of the time;Applied to me to a considerable degree or a good part of time;Applied to me to some degree, or some of the time;Applied to me to some degree, or some of the time;Applied to me to some degree, or some of the time;Applied to me to some degree, or some of the time;Applied to me to some degree, or some of the time;Applied to me to some degree, or some of the time;Applied to me to some degree, or some of the time;Applied to me to some degree, or some of the time;Applied to me to some degree, or some of the time;Applied to me to some degree, or some of the time;Applied to me to some degree, or some of the time;Did not apply to me at all;Did not apply to me at all;Applied to me to some degree, or some of the time;Applied to me to some degree, or some of the time;Did not apply to me at all;Did not apply to me at all
11;23;5 feet 10 inch;100;Male;Islam;Rural;Rented House or Mess;Nuclear;1;Service Holder;House Wife;Agree;CGPA 3.5;1-3 hours;1-3 hours;Single;No;Offen;No;No;nothing;Agree;Neutral;It was just a brief passing thought;Rarely (1 time);Yes, at one time, but did not really want to die;Never;Very Dissatisfied;Much;Much;Very Much;Did not apply to me at all;Did not apply to me at all;Did not apply to me at all;Applied to me to some degree, or some of the time;Applied to me to some degree, or some of the time;Did not apply to me at all;Did not apply to me at all;Applied to me to some degree, or some of the time;Applied to me to some degree, or some of the time;Did not apply to me at all;Applied to me to some degree, or some of the time;Applied to me to some degree, or some of the time;Applied to me to some degree, or some of the time;Applied to me to some degree, or some of the time;Applied to me to some degree, or some of the time;Applied to me to some degree, or some of the time;Applied to me to a considerable degree or a good part of time;Applied to me to a considerable degree or a good part of time;Did not apply to me at all;Applied to me to a considerable degree or a good part of time;Did not apply to me at all
9th;24;1,7;71;Male;Islam;Urban;Rented House or Mess;Join or Extended;6;Business;House Wife;Strongly-agree;3,87;4-6 hours;1-3 hours;Single;No;Regularly;yes;yes;building projects ;Agree;Agree;Never;Never;No;Never;Moderately Satisfied;Somewhat;Not at all Noticeable;Barely;Applied to me to some degree, or some of the time;Applied to me very much or most of the time;Did not apply to me at all;Did not apply to me at all;Applied to me to some degree, or some of the time;Did not apply to me at all;Did not apply to me at all;Applied to me to a considerable degree or a good part of time;Did not apply to me at all;Applied to me to some degree, or some of the time;Did not apply to me at all;Applied to me to some degree, or some of the time;Did not apply to me at all;Did not apply to me at all;Did not apply to me at all;Applied to me to a considerable degree or a good part of time;Did not apply to me at all;Did not apply to me at all;Did not apply to me at all;Did not apply to me at all;Did not apply to me at all
11th;24;5feet 10inch;95;Male;Islam;Urban;Own House;Nuclear;1;Service Holder;House Wife;Strongly-agree;3,33;1-3 hours;1-3 hours;Single;Yes;Offen;yes;No;N/A;Agree;Strongly-agree;Never;Never;No;Never;Very Dissatisfied;Very Much Interfering;Very Much Noticeable;Very Much;Applied to me to a considerable degree or a good part of time;Applied to me to some degree, or some of the time;Applied to me very much or most of the time;Applied to me very much or most of the time;Applied to me to a considerable degree or a good part of time;Applied to me very much or most of the time;Did not apply to me at all;Applied to me to a considerable degree or a good part of time;Applied to me to some degree, or some of the time;Did not apply to me at all;Applied to me very much or most of the time;Did not apply to me at all;Did not apply to me at all;Did not apply to me at all;Did not apply to me at all;Did not apply to me at all;Did not apply to me at all;Applied to me to some degree, or some of the time;Applied to me to some degree, or some of the time;Did not apply to me at all;Did not apply to me at all
summer;25;5,6;58;Male;Islam;Rural;Own House;Join or Extended;01301123920;Farmer;House Wife;Agree;3,1;4-6 hours;1-3 hours;Single;No;Regularly;yes;No;yes;Strongly-agree;Neutral;Never;Never;No;Never;Very Satisfied;A little;Much;Somewhat;Applied to me to some degree, or some of the time;Did not apply to me at all;Applied to me to some degree, or some of the time;Did not apply to me at all;Did not apply to me at all;Did not apply to me at all;Did not apply to me at all;Applied to me to some degree, or some of the time;Applied to me to some degree, or some of the time;Applied to me to some degree, or some of the time;Applied to me very much or most of the time;Did not apply to me at all;Did not apply to me at all;Applied to me very much or most of the time;Applied to me very much or most of the time;Applied to me very much or most of the time;Applied to me very much or most of the time;Did not apply to me at all;Applied to me very much or most of the time;Applied to me very much or most of the time;Applied to me to a considerable degree or a good part of time
11;26;5*6;60;Male;Islam;Rural;Rented House or Mess;Nuclear;3;Farmer;House Wife;Agree;3;1-3 hours;1-3 hours;Single;No;Regularly;yes;yes;yes;Neutral;Neutral;Never;Never;No;Never;Dissatisfied;Somewhat;Somewhat;Somewhat;Did not apply to me at all;Did not apply to me at all;Did not apply to me at all;Did not apply to me at all;Applied to me to some degree, or some of the time;Applied to me to some degree, or some of the time;Did not apply to me at all;Applied to me to some degree, or some of the time;Applied to me to a considerable degree or a good part of time;Did not apply to me at all;Did not apply to me at all;Applied to me to a considerable degree or a good part of time;Did not apply to me at all;Applied to me to some degree, or some of the time;Did not apply to me at all;Applied to me to a considerable degree or a good part of time;Applied to me to some degree, or some of the time;Applied to me to some degree, or some of the time;Applied to me to some degree, or some of the time;Did not apply to me at all;Did not apply to me at all
10th;23;5,4;56;Female;Islam;Rural;Rented House or Mess;Nuclear;1;Service Holder;House Wife;Agree;3,93;4-6 hours;7-9 hours;Single;No;Regularly;yes;yes;Drawing;Agree;dis-agree;Never;Never;No;Never;Moderately Satisfied;Somewhat;Barely;Somewhat;Applied to me to some degree, or some of the time;Did not apply to me at all;Did not apply to me at all;Applied to me to some degree, or some of the time;Applied to me to some degree, or some of the time;Applied to me to some degree, or some of the time;Did not apply to me at all;Applied to me to some degree, or some of the time;Applied to me to a considerable degree or a good part of time;Applied to me to a considerable degree or a good part of time;Applied to me to some degree, or some of the time;Applied to me to some degree, or some of the time;Applied to me to some degree, or some of the time;Applied to me to some degree, or some of the time;Applied to me to some degree, or some of the time;Applied to me to some degree, or some of the time;Applied to me to some degree, or some of the time;Applied to me to some degree, or some of the time;Applied to me to some degree, or some of the time;Did not apply to me at all;Applied to me to some degree, or some of the time
10th;24;5,8;60;Male;Islam;Urban;Rented House or Mess;Nuclear;2;Service Holder;House Wife;Strongly-agree;3,8;1-3 hours;1-3 hours;Single;No;Regularly;yes;No;Nothing;Neutral;Agree;Never;Never;No;Never;Dissatisfied;Much;Very Much Noticeable;Much;Applied to me to some degree, or some of the time;Applied to me to some degree, or some of the time;Applied to me to some degree, or some of the time;Applied to me to some degree, or some of the time;Applied to me to a considerable degree or a good part of time;Did not apply to me at all;Applied to me to a considerable degree or a good part of time;Applied to me to some degree, or some of the time;Applied to me to some degree, or some of the time;Did not apply to me at all;Did not apply to me at all;Did not apply to me at all;Did not apply to me at all;Did not apply to me at all;Did not apply to me at all;Did not apply to me at all;Applied to me to a considerable degree or a good part of time;Applied to me to some degree, or some of the time;Applied to me to some degree, or some of the time;Did not apply to me at all;Did not apply to me at all
10th;20;5,5;48;Male;Islam;Urban;Rented House or Mess;Nuclear;4;Business;House Wife;Agree;CGPA-3.52;1-3 hours;1-3 hours;Single;No;Offen;yes;yes;FOOTBALL,CRICKET,CLUB;Neutral;Neutral;Never;Never;No;Never;Dissatisfied;Much;Very Much Noticeable;Much;Applied to me to some degree, or some of the time;Applied to me to some degree, or some of the time;Did not apply to me at all;Did not apply to me at all;Did not apply to me at all;Did not apply to me at all;Did not apply to me at all;Did not apply to me at all;Did not apply to me at all;Applied to me to some degree, or some of the time;Applied to me to some degree, or some of the time;Did not apply to me at all;Applied to me to some degree, or some of the time;Applied to me to some degree, or some of the time;Applied to me to some degree, or some of the time;Applied to me to a considerable degree or a good part of time;Applied to me to a considerable degree or a good part of time;Applied to me to some degree, or some of the time;Did not apply to me at all;Did not apply to me at all;Did not apply to me at all
10th;21;4,1;40;Female;Islam;Urban;Rented House or Mess;Nuclear;2;Business;House Wife;Strongly-disagree;3,77;7-9 hours;1-3 hours;Single;No;Offen;yes;yes;Painting, Dancing, Cycling, Blogging, Societies, Tuition;Neutral;Neutral;I have had a plan at least once to kill myself and really wanted to die;Sometimes (2 times);Yes, more than once, and really wanted to do it;No chance at all;Very Dissatisfied;A little;Somewhat;Barely;Applied to me to some degree, or some of the time;Did not apply to me at all;Applied to me very much or most of the time;Did not apply to me at all;Applied to me to some degree, or some of the time;Applied to me very much or most of the time;Applied to me to some degree, or some of the time;Applied to me to some degree, or some of the time;Did not apply to me at all;Applied to me to some degree, or some of the time;Applied to me very much or most of the time;Applied to me to some degree, or some of the time;Applied to me to some degree, or some of the time;Did not apply to me at all;Applied to me very much or most of the time;Did not apply to me at all;Applied to me to some degree, or some of the time;Applied to me very much or most of the time;Applied to me to a considerable degree or a good part of time;Applied to me to a considerable degree or a good part of time;Applied to me very much or most of the time
9th;22;5 feet 2 inch;48 kg;Female;Islam;Rural;Own House;Nuclear;2;Service Holder;Others;Dis-agree;3,75;>=9 hours;7-9 hours;Single;No;Regularly;yes;No;Nothing;Strongly-agree;Strongly-agree;Never;Never;No;Never;Dissatisfied;Much;Somewhat;Somewhat;Applied to me to a considerable degree or a good part of time;Did not apply to me at all;Applied to me to some degree, or some of the time;Did not apply to me at all;Applied to me to a considerable degree or a good part of time;Applied to me very much or most of the time;Applied to me to a considerable degree or a good part of time;Applied to me to a considerable degree or a good part of time;Applied to me very much or most of the time;Did not apply to me at all;Applied to me very much or most of the time;Applied to me very much or most of the time;Applied to me to a considerable degree or a good part of time;Applied to me to some degree, or some of the time;Applied to me very much or most of the time;Applied to me to some degree, or some of the time;Applied to me to some degree, or some of the time;Applied to me to a considerable degree or a good part of time;Did not apply to me at all;Applied to me to some degree, or some of the time;Did not apply to me at all
12th;24;5 feet 10 inch;60 kg;Male;Islam;Urban;Rented House or Mess;Nuclear;2;Others;Others;Neural;3,32;1-3 hours;4-6 hours;Single;No;Rarely;No;yes;Debate, Sports, Clubbing ;Agree;Agree;Never;Never;No;Never;Very Satisfied;Much;Much;Not at all;Applied to me to some degree, or some of the time;Applied to me to some degree, or some of the time;Applied to me to a considerable degree or a good part of time;Did not apply to me at all;Applied to me to a considerable degree or a good part of time;Applied to me to some degree, or some of the time;Did not apply to me at all;Applied to me to some degree, or some of the time;Applied to me to some degree, or some of the time;Applied to me to some degree, or some of the time;Applied to me to some degree, or some of the time;Applied to me to some degree, or some of the time;Applied to me to some degree, or some of the time;Applied to me to some degree, or some of the time;Applied to me to some degree, or some of the time;Applied to me to some degree, or some of the time;Applied to me to some degree, or some of the time;Did not apply to me at all;Applied to me to some degree, or some of the time;Applied to me to some degree, or some of the time;Applied to me to some degree, or some of the time
9;23;5,3;45;Female;Islam;Urban;Rented House or Mess;Nuclear;2;Service Holder;House Wife;Strongly-agree;3,1;4-6 hours;1-3 hours;Single;No;Regularly;yes;yes;Like to programming ;Strongly-agree;Strongly-agree;Never;Never;No;Never;Very Satisfied;A little;Very Much Noticeable;Much;Did not apply to me at all;Did not apply to me at all;Did not apply to me at all;Did not apply to me at all;Did not apply to me at all;Did not apply to me at all;Did not apply to me at all;Applied to me very much or most of the time;Applied to me very much or most of the time;Applied to me very much or most of the time;Did not apply to me at all;Did not apply to me at all;Did not apply to me at all;Did not apply to me at all;Did not apply to me at all;Did not apply to me at all;Did not apply to me at all;Did not apply to me at all;Did not apply to me at all;Did not apply to me at all;Did not apply to me at all
5th;23;5 feet 4 inches;62;Male;Islam;Rural;Rented House or Mess;Nuclear;1;Business;House Wife;Agree;2,92;1-3 hours;1-3 hours;Single;Yes;Offen;No;yes;Rotaract, i run a public library, IIEC, ;Dis-agree;dis-agree;I have attempted to kill myself, and really hoped to die;Often (3-4 times);No;Likely;Very Dissatisfied;Somewhat;Somewhat;Barely;Did not apply to me at all;Applied to me to some degree, or some of the time;Applied to me to some degree, or some of the time;Applied to me to some degree, or some of the time;Applied to me to some degree, or some of the time;Did not apply to me at all;Did not apply to me at all;Did not apply to me at all;Applied to me to some degree, or some of the time;Applied to me to some degree, or some of the time;Did not apply to me at all;Did not apply to me at all;Applied to me to some degree, or some of the time;Did not apply to me at all;Did not apply to me at all;Applied to me to some degree, or some of the time;Applied to me to some degree, or some of the time;Did not apply to me at all;Applied to me to some degree, or some of the time;Did not apply to me at all;Applied to me to some degree, or some of the time
5th;23;4.11feet;52;Female;Islam;Urban;Own House;Nuclear;4;Service Holder;House Wife;Neural;2,79;1-3 hours;4-6 hours;Single;No;Offen;No;No;Nothing;Strongly-agree;Strongly-agree;Never;Never;No;Never;Very Dissatisfied;Somewhat;Not at all Noticeable;Much;Did not apply to me at all;Applied to me to some degree, or some of the time;Did not apply to me at all;Applied to me very much or most of the time;Applied to me very much or most of the time;Did not apply to me at all;Did not apply to me at all;Applied to me very much or most of the time;Applied to me very much or most of the time;Applied to me to some degree, or some of the time;Applied to me to some degree, or some of the time;Applied to me very much or most of the time;Applied to me very much or most of the time;Applied to me to some degree, or some of the time;Applied to me very much or most of the time;Applied to me very much or most of the time;Applied to me very much or most of the time;Did not apply to me at all;Did not apply to me at all;Applied to me very much or most of the time;Applied to me very much or most of the time
5th semester;21;5 feet, 6 inch;85 kg;Male;Hindu;Rural;Rented House or Mess;Join or Extended;3;Service Holder;Service Holder;Strongly-agree;3,05;4-6 hours;1-3 hours;Single;No;Regularly;yes;yes;tuition;Dis-agree;Strongly-agree;Never;Never;No;Never;Very Satisfied;Not at all Interfering;Not at all Noticeable;Not at all;Did not apply to me at all;Did not apply to me at all;Applied to me to a considerable degree or a good part of time;Applied to me to some degree, or some of the time;Did not apply to me at all;Did not apply to me at all;Did not apply to me at all;Did not apply to me at all;Did not apply to me at all;Applied to me to some degree, or some of the time;Applied to me to some degree, or some of the time;Did not apply to me at all;Did not apply to me at all;Did not apply to me at all;Did not apply to me at all;Applied to me to some degree, or some of the time;Did not apply to me at all;Did not apply to me at all;Applied to me to some degree, or some of the time;Did not apply to me at all;Did not apply to me at all
10th;24;"5'9""";88;Male;Islam;Urban;Rented House or Mess;Join or Extended;None;Others;House Wife;Strongly-agree;3,5;4-6 hours;1-3 hours;Single;No;Regularly;No;yes;Blockchain research work, freelance ;Dis-agree;dis-agree;Never;Never;No;Never;Moderately Satisfied;A little;Somewhat;Not at all;Did not apply to me at all;Did not apply to me at all;Applied to me to a considerable degree or a good part of time;Applied to me to a considerable degree or a good part of time;Applied to me to a considerable degree or a good part of time;Applied to me to some degree, or some of the time;Did not apply to me at all;Did not apply to me at all;Did not apply to me at all;Did not apply to me at all;Did not apply to me at all;Did not apply to me at all;Did not apply to me at all;Did not apply to me at all;Did not apply to me at all;Did not apply to me at all;Did not apply to me at all;Did not apply to me at all;Did not apply to me at all;Did not apply to me at all;Did not apply to me at all
8;23;5,2;65;Female;Hindu;Rural;Rented House or Mess;Nuclear;2;Business;House Wife;Agree;2,31;1-3 hours;1-3 hours;Single;No;Regularly;yes;No;No;Dis-agree;dis-agree;Never;Never;No;Never;Satisfied;A little;Not at all Noticeable;Not at all;Did not apply to me at all;Did not apply to me at all;Did not apply to me at all;Did not apply to me at all;Did not apply to me at all;Did not apply to me at all;Did not apply to me at all;Did not apply to me at all;Did not apply to me at all;Did not apply to me at all;Did not apply to me at all;Did not apply to me at all;Did not apply to me at all;Did not apply to me at all;Did not apply to me at all;Did not apply to me at all;Did not apply to me at all;Did not apply to me at all;Did not apply to me at all;Did not apply to me at all;Did not apply to me at all
5th;24;5 feet 11inch;90;Male;Islam;Urban;Rented House or Mess;Nuclear;00;Others;House Wife;Dis-agree;3,8;1-3 hours;1-3 hours;Single;No;Offen;yes;yes;Singing;Strongly-agree;Strongly-agree;Never;Never;No;Never;Dissatisfied;Somewhat;Much;Much;Did not apply to me at all;Did not apply to me at all;Applied to me to a considerable degree or a good part of time;Did not apply to me at all;Did not apply to me at all;Applied to me very much or most of the time;Did not apply to me at all;Applied to me to a considerable degree or a good part of time;Applied to me to a considerable degree or a good part of time;Did not apply to me at all;Did not apply to me at all;Did not apply to me at all;Did not apply to me at all;Did not apply to me at all;Did not apply to me at all;Did not apply to me at all;Did not apply to me at all;Did not apply to me at all;Did not apply to me at all;Did not apply to me at all;Did not apply to me at all
2nd;22;6 feet 2 inches ;105Kg;Male;Islam;Urban;Rented House or Mess;Nuclear;2;Business;House Wife;Strongly-disagree;3,7;1-3 hours;1-3 hours;Single;Yes;Offen;yes;yes;Graphics Design,Digital Marketing ;Agree;Agree;I have had a plan at least once to kill myself and really wanted to die;Sometimes (2 times);Yes, at one time, but did not really want to die;Never;Satisfied;A little;Somewhat;Barely;Applied to me to some degree, or some of the time;Did not apply to me at all;Did not apply to me at all;Did not apply to me at all;Applied to me to a considerable degree or a good part of time;Applied to me to some degree, or some of the time;Applied to me to some degree, or some of the time;Applied to me to a considerable degree or a good part of time;Applied to me to some degree, or some of the time;Applied to me to some degree, or some of the time;Applied to me to some degree, or some of the time;Applied to me to some degree, or some of the time;Applied to me to a considerable degree or a good part of time;Applied to me to a considerable degree or a good part of time;Applied to me to a considerable degree or a good part of time;Applied to me to some degree, or some of the time;Applied to me to a considerable degree or a good part of time;Did not apply to me at all;Did not apply to me at all;Did not apply to me at all;Applied to me to a considerable degree or a good part of time
7th;22;5 fit 7 inch;70;Male;Islam;Urban;Rented House or Mess;Nuclear;1 brother 1 sister;Business;House Wife;Strongly-agree;3,09;1-3 hours;1-3 hours;Single;No;Regularly;yes;No;No;Strongly-agree;Strongly-agree;Never;Never;No;Never;Moderately Satisfied;Somewhat;Somewhat;Somewhat;Did not apply to me at all;Applied to me very much or most of the time;Applied to me to some degree, or some of the time;Did not apply to me at all;Applied to me to some degree, or some of the time;Applied to me to some degree, or some of the time;Applied to me to some degree, or some of the time;Applied to me to some degree, or some of the time;Applied to me to some degree, or some of the time;Applied to me to some degree, or some of the time;Applied to me to some degree, or some of the time;Applied to me to some degree, or some of the time;Applied to me to some degree, or some of the time;Applied to me to some degree, or some of the time;Applied to me to some degree, or some of the time;Applied to me to some degree, or some of the time;Applied to me to some degree, or some of the time;Applied to me to some degree, or some of the time;Applied to me to some degree, or some of the time;Did not apply to me at all;Did not apply to me at all
8th;22;5 feet 5 inch;54;Male;Islam;Urban;Rented House or Mess;Nuclear;2;Service Holder;House Wife;Strongly-agree;2,92;1-3 hours;1-3 hours;Single;Yes;Rarely;No;No;none;Dis-agree;dis-agree;It was just a brief passing thought;Sometimes (2 times);No;No chance at all;Dissatisfied;Somewhat;Much;Barely;Applied to me to some degree, or some of the time;Applied to me to a considerable degree or a good part of time;Applied to me to a considerable degree or a good part of time;Applied to me to some degree, or some of the time;Applied to me to a considerable degree or a good part of time;Applied to me to some degree, or some of the time;Did not apply to me at all;Applied to me to a considerable degree or a good part of time;Applied to me very much or most of the time;Applied to me to some degree, or some of the time;Applied to me to some degree, or some of the time;Did not apply to me at all;Applied to me very much or most of the time;Applied to me very much or most of the time;Applied to me to some degree, or some of the time;Applied to me to a considerable degree or a good part of time;Applied to me very much or most of the time;Applied to me very much or most of the time;Applied to me to a considerable degree or a good part of time;Did not apply to me at all;Applied to me very much or most of the time
2nd;21;5 feet 8 inches;65.8 KG;Male;Islam;Urban;Rented House or Mess;Nuclear;1 elder sister;Service Holder;Service Holder;Strongly-agree;3,45;4-6 hours;4-6 hours;Single;No;Offen;No;No;want to do now;Neutral;Agree;Never;Never;No;Never;Dissatisfied;Somewhat;Somewhat;Much;Applied to me to some degree, or some of the time;Applied to me very much or most of the time;Applied to me to a considerable degree or a good part of time;Did not apply to me at all;Applied to me to some degree, or some of the time;Applied to me to a considerable degree or a good part of time;Applied to me to some degree, or some of the time;Applied to me very much or most of the time;Applied to me very much or most of the time;Applied to me to a considerable degree or a good part of time;Applied to me very much or most of the time;Applied to me to some degree, or some of the time;Applied to me very much or most of the time;Applied to me to some degree, or some of the time;Applied to me very much or most of the time;Applied to me to a considerable degree or a good part of time;Applied to me very much or most of the time;Applied to me very much or most of the time;Applied to me very much or most of the time;Applied to me very much or most of the time;Applied to me to a considerable degree or a good part of time
2nd;20;5 feet 7 inch;68;Male;Islam;Rural;Rented House or Mess;Join or Extended;2;Business;House Wife;Agree;3,07;1-3 hours;4-6 hours;Engaged;No;Offen;yes;No;nothing;Neutral;Neutral;I have had a plan at least once to kill myself but did not try to do it;Often (3-4 times);Yes, more than once, but did not want to do it;Never;Dissatisfied;Much;Somewhat;Somewhat;Applied to me to some degree, or some of the time;Did not apply to me at all;Applied to me to some degree, or some of the time;Applied to me to some degree, or some of the time;Applied to me to some degree, or some of the time;Did not apply to me at all;Did not apply to me at all;Did not apply to me at all;Applied to me to some degree, or some of the time;Applied to me to some degree, or some of the time;Applied to me to a considerable degree or a good part of time;Did not apply to me at all;Did not apply to me at all;Applied to me to some degree, or some of the time;Applied to me to some degree, or some of the time;Applied to me to some degree, or some of the time;Applied to me to some degree, or some of the time;Applied to me to a considerable degree or a good part of time;Applied to me to a considerable degree or a good part of time;Applied to me to some degree, or some of the time;Applied to me to some degree, or some of the time
2nd;21;5 feet 7 inch;50;Male;Islam;Urban;Rented House or Mess;Nuclear;1;Service Holder;Service Holder;Agree;3,81;4-6 hours;1-3 hours;Single;No;Rarely;No;yes;Math Olympiad, Robotics Competition;Neutral;Agree;It was just a brief passing thought;Never;Yes, at one time, but did not really want to die;Unlikely;Very Dissatisfied;Very Much Interfering;Very Much Noticeable;Much;Applied to me to a considerable degree or a good part of time;Applied to me to a considerable degree or a good part of time;Applied to me to some degree, or some of the time;Did not apply to me at all;Applied to me very much or most of the time;Applied to me to some degree, or some of the time;Did not apply to me at all;Applied to me to some degree, or some of the time;Applied to me to a considerable degree or a good part of time;Applied to me very much or most of the time;Applied to me to a considerable degree or a good part of time;Applied to me very much or most of the time;Applied to me to some degree, or some of the time;Applied to me to some degree, or some of the time;Did not apply to me at all;Did not apply to me at all;Applied to me to some degree, or some of the time;Did not apply to me at all;Did not apply to me at all;Applied to me to some degree, or some of the time;Applied to me very much or most of the time
13;23;"5'9.5""";61;Male;Islam;Urban;Own House;Join or Extended;1;Others;House Wife;Strongly-disagree;2,67;1-3 hours;1-3 hours;Engaged;Yes;Offen;No;No;No;Agree;Neutral;Never;Never;No;Never;Very Dissatisfied;Very Much Interfering;Somewhat;Very Much;Did not apply to me at all;Did not apply to me at all;Applied to me very much or most of the time;Applied to me to some degree, or some of the time;Applied to me very much or most of the time;Applied to me very much or most of the time;Did not apply to me at all;Applied to me very much or most of the time;Applied to me very much or most of the time;Applied to me very much or most of the time;Applied to me very much or most of the time;Applied to me very much or most of the time;Applied to me very much or most of the time;Applied to me to a considerable degree or a good part of time;Applied to me to a considerable degree or a good part of time;Applied to me very much or most of the time;Applied to me to a considerable degree or a good part of time;Applied to me to a considerable degree or a good part of time;Applied to me to a considerable degree or a good part of time;Applied to me to some degree, or some of the time;Did not apply to me at all
1st;18;5 feet 6 inches;52;Male;Islam;Rural;Rented House or Mess;Join or Extended;1;Others;House Wife;Strongly-agree;3,3;4-6 hours;4-6 hours;Single;No;Offen;yes;yes;Scouting;Agree;Agree;Never;Never;No;No chance at all;Moderately Satisfied;A little;Not at all Noticeable;Somewhat;Applied to me to some degree, or some of the time;Applied to me to some degree, or some of the time;Did not apply to me at all;Did not apply to me at all;Applied to me to a considerable degree or a good part of time;Did not apply to me at all;Applied to me to some degree, or some of the time;Applied to me to some degree, or some of the time;Applied to me to some degree, or some of the time;Did not apply to me at all;Did not apply to me at all;Applied to me to some degree, or some of the time;Applied to me to some degree, or some of the time;Applied to me to some degree, or some of the time;Did not apply to me at all;Applied to me to some degree, or some of the time;Applied to me to some degree, or some of the time;Did not apply to me at all;Did not apply to me at all;Did not apply to me at all;Did not apply to me at all
13;24;5,7;71;Male;Islam;Urban;Rented House or Mess;Join or Extended;3;Business;House Wife;Strongly-agree;2,89;1-3 hours;1-3 hours;Single;No;Offen;yes;yes;Poem Writing,Blog;Dis-agree;Agree;I have had a plan at least once to kill myself but did not try to do it;Never;Yes, at one time, but did not really want to die;Never;Very Dissatisfied;A little;Somewhat;Barely;Did not apply to me at all;Did not apply to me at all;Did not apply to me at all;Did not apply to me at all;Did not apply to me at all;Applied to me to some degree, or some of the time;Applied to me to some degree, or some of the time;Applied to me to some degree, or some of the time;Did not apply to me at all;Did not apply to me at all;Applied to me very much or most of the time;Applied to me to a considerable degree or a good part of time;Applied to me to a considerable degree or a good part of time;Applied to me to some degree, or some of the time;Applied to me to a considerable degree or a good part of time;Applied to me to a considerable degree or a good part of time;Applied to me to a considerable degree or a good part of time;Applied to me to some degree, or some of the time;Applied to me to some degree, or some of the time;Applied to me to some degree, or some of the time;Applied to me to a considerable degree or a good part of time
1st;20;"4'11""";42kg;Female;Islam;Rural;Own House;Nuclear;3;Others;House Wife;Agree;3,8;4-6 hours;1-3 hours;Single;No;Regularly;yes;yes;Debate ;Agree;Strongly-agree;Never;Never;No;No chance at all;Satisfied;A little;Not at all Noticeable;Much;Applied to me very much or most of the time;Applied to me to a considerable degree or a good part of time;Did not apply to me at all;Applied to me to some degree, or some of the time;Applied to me very much or most of the time;Applied to me very much or most of the time;Applied to me to some degree, or some of the time;Applied to me very much or most of the time;Applied to me very much or most of the time;Applied to me to some degree, or some of the time;Applied to me to some degree, or some of the time;Applied to me to some degree, or some of the time;Applied to me to some degree, or some of the time;Applied to me to some degree, or some of the time;Applied to me to some degree, or some of the time;Did not apply to me at all;Did not apply to me at all;Applied to me to some degree, or some of the time;Did not apply to me at all;Did not apply to me at all;Did not apply to me at all
12th;23;5 feet 10 inches;78;Male;Islam;Urban;Rented House or Mess;Join or Extended;3;Business;House Wife;Agree;3,15;1-3 hours;1-3 hours;Single;No;Offen;No;No;no;Dis-agree;dis-agree;Never;Never;No;No chance at all;Moderately Satisfied;A little;Barely;Barely;Applied to me to some degree, or some of the time;Did not apply to me at all;Applied to me to some degree, or some of the time;Applied to me to some degree, or some of the time;Applied to me to some degree, or some of the time;Applied to me to some degree, or some of the time;Did not apply to me at all;Did not apply to me at all;Did not apply to me at all;Applied to me to some degree, or some of the time;Did not apply to me at all;Did not apply to me at all;Did not apply to me at all;Did not apply to me at all;Did not apply to me at all;Did not apply to me at all;Did not apply to me at all;Did not apply to me at all;Did not apply to me at all;Did not apply to me at all;Applied to me to some degree, or some of the time
11th;24;5 feet;60;Female;Islam;Rural;Rented House or Mess;Nuclear;0;Business;House Wife;Agree;2,69;1-3 hours;1-3 hours;Single;No;Offen;yes;No;Book reading ;Strongly-agree;Agree;Never;Never;Yes, at one time, but did not really want to die;No chance at all;Dissatisfied;Very Much Interfering;Much;Very Much;Did not apply to me at all;Did not apply to me at all;Applied to me very much or most of the time;Did not apply to me at all;Applied to me to some degree, or some of the time;Applied to me to some degree, or some of the time;Applied to me to some degree, or some of the time;Applied to me to some degree, or some of the time;Applied to me to some degree, or some of the time;Applied to me to some degree, or some of the time;Applied to me to some degree, or some of the time;Applied to me very much or most of the time;Applied to me very much or most of the time;Applied to me to some degree, or some of the time;Applied to me very much or most of the time;Applied to me to some degree, or some of the time;Applied to me to some degree, or some of the time;Applied to me to some degree, or some of the time;Applied to me to some degree, or some of the time;Applied to me to some degree, or some of the time;Applied to me to some degree, or some of the time
2nd ;21;5,1;66;Female;Hindu;Urban;Own House;Nuclear;2;Service Holder;House Wife;Neural;3,15;1-3 hours;1-3 hours;Single;No;Offen;yes;No;no;Neutral;dis-agree;Never;Never;No;Never;Dissatisfied;Much;Much;Much;Did not apply to me at all;Did not apply to me at all;Did not apply to me at all;Did not apply to me at all;Did not apply to me at all;Did not apply to me at all;Did not apply to me at all;Did not apply to me at all;Did not apply to me at all;Did not apply to me at all;Did not apply to me at all;Did not apply to me at all;Did not apply to me at all;Did not apply to me at all;Did not apply to me at all;Did not apply to me at all;Did not apply to me at all;Did not apply to me at all;Did not apply to me at all;Did not apply to me at all;Did not apply to me at all
Spring-2024;21;5 feet 10 inches;58;Male;Islam;Urban;Rented House or Mess;Nuclear;2;Service Holder;House Wife;Neural;3,5;4-6 hours;1-3 hours;Single;No;Offen;yes;yes;Sports,Song;Neutral;Agree;It was just a brief passing thought;Rarely (1 time);No;Never;Satisfied;Much;Not at all Noticeable;Not at all;Applied to me to some degree, or some of the time;Did not apply to me at all;Did not apply to me at all;;Applied to me to some degree, or some of the time;Did not apply to me at all;Did not apply to me at all;Applied to me to some degree, or some of the time;Applied to me to a considerable degree or a good part of time;Applied to me to some degree, or some of the time;Did not apply to me at all;Applied to me to some degree, or some of the time;Did not apply to me at all;Applied to me to some degree, or some of the time;Applied to me to some degree, or some of the time;Applied to me to some degree, or some of the time;Did not apply to me at all;Applied to me to a considerable degree or a good part of time;Applied to me to some degree, or some of the time;Did not apply to me at all;Did not apply to me at all
2nd;21;6.0 feet;81;Male;Islam;Rural;Rented House or Mess;Nuclear;0;Service Holder;House Wife;Neural;4;1-3 hours;1-3 hours;Single;No;Rarely;yes;yes;Singing, Content Creating on social Midea, Train Spotting;Neutral;Agree;Never;Never;No;Never;Dissatisfied;Somewhat;Not at all Noticeable;Barely;Applied to me to some degree, or some of the time;Applied to me to some degree, or some of the time;Did not apply to me at all;Did not apply to me at all;Did not apply to me at all;Applied to me to a considerable degree or a good part of time;Did not apply to me at all;Applied to me to some degree, or some of the time;Applied to me to some degree, or some of the time;Did not apply to me at all;Did not apply to me at all;Applied to me to a considerable degree or a good part of time;Applied to me to some degree, or some of the time;Applied to me to some degree, or some of the time;Applied to me to some degree, or some of the time;Applied to me to some degree, or some of the time;Did not apply to me at all;Did not apply to me at all;Applied to me to some degree, or some of the time;Did not apply to me at all;Did not apply to me at all
2;20;"5'1""";63;Female;Islam;Rural;Own House;Nuclear;2;Business;House Wife;Agree;3,8;1-3 hours;4-6 hours;Single;No;Offen;yes;No;No;Agree;dis-agree;I have attempted to kill myself, but did not want to die;Never;No;No chance at all;Moderately Satisfied;A little;Not at all Noticeable;Somewhat;Did not apply to me at all;Did not apply to me at all;Applied to me to a considerable degree or a good part of time;Did not apply to me at all;Did not apply to me at all;Applied to me to some degree, or some of the time;Applied to me to a considerable degree or a good part of time;Applied to me to some degree, or some of the time;Applied to me to a considerable degree or a good part of time;Did not apply to me at all;Applied to me to some degree, or some of the time;Applied to me very much or most of the time;Applied to me to a considerable degree or a good part of time;Applied to me to some degree, or some of the time;Did not apply to me at all;Applied to me to a considerable degree or a good part of time;Applied to me to a considerable degree or a good part of time;Did not apply to me at all;Did not apply to me at all;Did not apply to me at all;Did not apply to me at all
1st;19;5'7'';49;Male;Islam;Rural;Rented House or Mess;Join or Extended;20;Business;House Wife;Neural;3,5;1-3 hours;4-6 hours;Single;No;Regularly;No;No;No;Dis-agree;Agree;Never;Never;No;Never;Dissatisfied;Not at all Interfering;Not at all Noticeable;Not at all;Applied to me to some degree, or some of the time;Did not apply to me at all;Applied to me to some degree, or some of the time;Applied to me to some degree, or some of the time;Did not apply to me at all;Did not apply to me at all;Did not apply to me at all;Applied to me to a considerable degree or a good part of time;Applied to me to a considerable degree or a good part of time;Applied to me to some degree, or some of the time;Did not apply to me at all;Did not apply to me at all;Did not apply to me at all;Applied to me very much or most of the time;Applied to me to some degree, or some of the time;Applied to me to a considerable degree or a good part of time;Applied to me very much or most of the time;Applied to me very much or most of the time;Did not apply to me at all;Did not apply to me at all;Did not apply to me at all
2nd;21;5;49 kg;Female;Islam;Rural;Own House;Nuclear;2;Others;House Wife;Agree;3,26;1-3 hours;4-6 hours;Single;No;Offen;No;yes;Drawing;Agree;Agree;Never;Never;No;Never;Satisfied;A little;Barely;Not at all;Did not apply to me at all;Did not apply to me at all;Did not apply to me at all;Did not apply to me at all;Did not apply to me at all;Did not apply to me at all;Did not apply to me at all;Did not apply to me at all;Did not apply to me at all;Did not apply to me at all;Did not apply to me at all;Did not apply to me at all;Did not apply to me at all;Did not apply to me at all;Did not apply to me at all;Did not apply to me at all;Did not apply to me at all;Did not apply to me at all;Did not apply to me at all;Did not apply to me at all;Did not apply to me at all
5th;24;5feet 1;62;Male;Islam;Rural;Own House;Nuclear;4;Business;House Wife;Agree;1,27;>=9 hours;1-3 hours;Single;No;Regularly;yes;yes;yes;Agree;Agree;Never;Never;No;Never;Very Dissatisfied;Not at all Interfering;Much;Much;Did not apply to me at all;Did not apply to me at all;Did not apply to me at all;Did not apply to me at all;Did not apply to me at all;Did not apply to me at all;Did not apply to me at all;Did not apply to me at all;Did not apply to me at all;Did not apply to me at all;Did not apply to me at all;Did not apply to me at all;Did not apply to me at all;Did not apply to me at all;Did not apply to me at all;Did not apply to me at all;Did not apply to me at all;Did not apply to me at all;Did not apply to me at all;Did not apply to me at all;Did not apply to me at all
2nd;22;5 feet;52;Female;Hindu;Rural;Rented House or Mess;Nuclear;1;Business;House Wife;Agree;3,67;4-6 hours;1-3 hours;Single;No;Regularly;yes;yes;dacing;Agree;Agree;Never;Never;No;No chance at all;Very Satisfied;Not at all Interfering;Not at all Noticeable;Not at all;Did not apply to me at all;Did not apply to me at all;Did not apply to me at all;Did not apply to me at all;Did not apply to me at all;Did not apply to me at all;Did not apply to me at all;Did not apply to me at all;Did not apply to me at all;Did not apply to me at all;Did not apply to me at all;Did not apply to me at all;Did not apply to me at all;Did not apply to me at all;Did not apply to me at all;Did not apply to me at all;Did not apply to me at all;Did not apply to me at all;Did not apply to me at all;Did not apply to me at all;Did not apply to me at all
5th;21;5'2;59;Female;Islam;Urban;Own House;Nuclear;2;Business;House Wife;Neural;3,96;1-3 hours;1-3 hours;Single;No;Regularly;yes;No;Nothing ;Neutral;Neutral;I have had a plan at least once to kill myself and really wanted to die;Rarely (1 time);No;Never;Moderately Satisfied;A little;Barely;Barely;Applied to me to some degree, or some of the time;Did not apply to me at all;Did not apply to me at all;Applied to me to a considerable degree or a good part of time;Applied to me to some degree, or some of the time;Applied to me to some degree, or some of the time;Applied to me very much or most of the time;Applied to me to a considerable degree or a good part of time;Applied to me to a considerable degree or a good part of time;Applied to me very much or most of the time;Applied to me very much or most of the time;Applied to me very much or most of the time;Applied to me very much or most of the time;Applied to me very much or most of the time;Applied to me very much or most of the time;Applied to me very much or most of the time;Applied to me very much or most of the time;Applied to me to some degree, or some of the time;Applied to me very much or most of the time;Applied to me very much or most of the time;Applied to me very much or most of the time
13;23;67 inches;65 kg;Male;Islam;Rural;Rented House or Mess;Nuclear;1;Business;House Wife;Agree;2,82;1-3 hours;1-3 hours;Single;Yes;Offen;yes;No;nothing;Neutral;Agree;Never;Never;No;Never;Dissatisfied;Very Much Interfering;Barely;Somewhat;Applied to me to some degree, or some of the time;Did not apply to me at all;Applied to me to some degree, or some of the time;Did not apply to me at all;Applied to me to a considerable degree or a good part of time;Applied to me to some degree, or some of the time;Did not apply to me at all;Applied to me to some degree, or some of the time;Applied to me very much or most of the time;Applied to me to a considerable degree or a good part of time;Applied to me to a considerable degree or a good part of time;Applied to me to some degree, or some of the time;Applied to me to a considerable degree or a good part of time;Applied to me to some degree, or some of the time;Applied to me to some degree, or some of the time;Applied to me to some degree, or some of the time;Applied to me very much or most of the time;Applied to me to a considerable degree or a good part of time;Did not apply to me at all;Applied to me to some degree, or some of the time;Applied to me very much or most of the time
5th;24;5,6;74;Male;Islam;Rural;Rented House or Mess;Nuclear;2;Farmer;House Wife;Agree;3,75;4-6 hours;1-3 hours;Single;No;Regularly;yes;yes;freelancing;Neutral;Agree;I have had a plan at least once to kill myself but did not try to do it;Rarely (1 time);No;Never;Satisfied;Much;Somewhat;Somewhat;Applied to me to some degree, or some of the time;Did not apply to me at all;Applied to me to some degree, or some of the time;Applied to me to some degree, or some of the time;Applied to me to a considerable degree or a good part of time;Applied to me to some degree, or some of the time;Applied to me to some degree, or some of the time;Applied to me to some degree, or some of the time;Applied to me to some degree, or some of the time;Applied to me to a considerable degree or a good part of time;Applied to me to a considerable degree or a good part of time;Applied to me very much or most of the time;Applied to me to a considerable degree or a good part of time;Applied to me to some degree, or some of the time;Applied to me very much or most of the time;Applied to me very much or most of the time;Applied to me to a considerable degree or a good part of time;Applied to me to some degree, or some of the time;Applied to me very much or most of the time;Applied to me to some degree, or some of the time;Applied to me to some degree, or some of the time
1st;20;5 feet 4 inches;58kg;Female;Islam;Rural;Own House;Nuclear;2;Others;House Wife;Strongly-agree;N/A;4-6 hours;1-3 hours;Single;No;Offen;yes;No;N/A;Agree;Agree;Never;Never;No;Never;Moderately Satisfied;Much;Much;Somewhat;Applied to me very much or most of the time;Applied to me very much or most of the time;Applied to me to some degree, or some of the time;Applied to me to some degree, or some of the time;Applied to me to some degree, or some of the time;Applied to me to some degree, or some of the time;Applied to me to some degree, or some of the time;Applied to me to a considerable degree or a good part of time;Applied to me to some degree, or some of the time;Did not apply to me at all;Applied to me to some degree, or some of the time;Did not apply to me at all;Applied to me to some degree, or some of the time;Applied to me to some degree, or some of the time;Did not apply to me at all;Did not apply to me at all;Applied to me to some degree, or some of the time;Applied to me to some degree, or some of the time;Applied to me to a considerable degree or a good part of time;Did not apply to me at all;Did not apply to me at all
6th;21;5'4;55;Female;Islam;Rural;Rented House or Mess;Nuclear;3;Business;House Wife;Neural;3,15;1-3 hours;1-3 hours;Single;No;Rarely;yes;No;No;Neutral;Agree;I have had a plan at least once to kill myself and really wanted to die;Rarely (1 time);No;Unlikely;Dissatisfied;A little;Barely;Much;Did not apply to me at all;Did not apply to me at all;Applied to me to some degree, or some of the time;Applied to me to some degree, or some of the time;Applied to me to some degree, or some of the time;Applied to me to some degree, or some of the time;Applied to me to some degree, or some of the time;Applied to me to some degree, or some of the time;Applied to me to some degree, or some of the time;Applied to me to some degree, or some of the time;Applied to me to some degree, or some of the time;Applied to me to some degree, or some of the time;Applied to me to some degree, or some of the time;Applied to me to some degree, or some of the time;Applied to me to some degree, or some of the time;Applied to me to some degree, or some of the time;Applied to me to some degree, or some of the time;Applied to me to some degree, or some of the time;Applied to me to some degree, or some of the time;Applied to me to some degree, or some of the time;Applied to me to some degree, or some of the time
1st;20;5,11;85;Male;Islam;Urban;Rented House or Mess;Nuclear;2;Service Holder;House Wife;Agree;3,2;1-3 hours;4-6 hours;Single;No;Regularly;yes;yes;studying about world politics;Neutral;Neutral;Never;Never;No;No chance at all;Satisfied;Somewhat;Barely;Not at all;Applied to me to some degree, or some of the time;Applied to me to some degree, or some of the time;Did not apply to me at all;Applied to me to some degree, or some of the time;Did not apply to me at all;Did not apply to me at all;Did not apply to me at all;Did not apply to me at all;Applied to me to a considerable degree or a good part of time;Applied to me to a considerable degree or a good part of time;Did not apply to me at all;Did not apply to me at all;Applied to me to some degree, or some of the time;Applied to me to some degree, or some of the time;Applied to me to some degree, or some of the time;Applied to me very much or most of the time;Applied to me very much or most of the time;Did not apply to me at all;Applied to me to a considerable degree or a good part of time;Did not apply to me at all;Applied to me to some degree, or some of the time
9th;24+;"5""10'";84;Male;Islam;Rural;Rented House or Mess;Join or Extended;3;Service Holder;House Wife;Strongly-disagree;3,41;1-3 hours;1-3 hours;Single;Yes;Offen;yes;yes;Involved with blood donation group;Dis-agree;dis-agree;I have had a plan at least once to kill myself but did not try to do it;Sometimes (2 times);Yes, at one time, but did not really want to die;Never;Dissatisfied;A little;Somewhat;Somewhat;Did not apply to me at all;Did not apply to me at all;Did not apply to me at all;Applied to me to some degree, or some of the time;Applied to me to some degree, or some of the time;Applied to me very much or most of the time;Applied to me very much or most of the time;Applied to me very much or most of the time;Applied to me very much or most of the time;Applied to me to some degree, or some of the time;Applied to me to a considerable degree or a good part of time;Applied to me to some degree, or some of the time;Applied to me to some degree, or some of the time;Applied to me to some degree, or some of the time;Did not apply to me at all;Did not apply to me at all;Applied to me to some degree, or some of the time;Did not apply to me at all;Did not apply to me at all;Applied to me to some degree, or some of the time;Applied to me to some degree, or some of the time
4th;24;5 ft7 in;65;Male;Islam;Rural;Own House;Join or Extended;2;Business;House Wife;Strongly-agree;2,7;1-3 hours;1-3 hours;Single;No;Offen;yes;yes;Campus Director, Hult Prize at IUBAT ;Neutral;Neutral;Never;Never;No;Never;Satisfied;Not at all Interfering;Not at all Noticeable;Not at all;Did not apply to me at all;Did not apply to me at all;Did not apply to me at all;Did not apply to me at all;Did not apply to me at all;Did not apply to me at all;Did not apply to me at all;Did not apply to me at all;Did not apply to me at all;Did not apply to me at all;Did not apply to me at all;Did not apply to me at all;Did not apply to me at all;Did not apply to me at all;Did not apply to me at all;Did not apply to me at all;Did not apply to me at all;Did not apply to me at all;Did not apply to me at all;Did not apply to me at all;Did not apply to me at all
9th;23;5.8 feet;83kg;Male;Islam;Rural;Rented House or Mess;Nuclear;2;Business;House Wife;Strongly-agree;3,6;1-3 hours;1-3 hours;Single;No;Regularly;yes;No;No;Neutral;Neutral;Never;Never;No;Never;Moderately Satisfied;A little;Barely;Much;Did not apply to me at all;Did not apply to me at all;Did not apply to me at all;Did not apply to me at all;Applied to me to some degree, or some of the time;Did not apply to me at all;Applied to me to some degree, or some of the time;Applied to me to some degree, or some of the time;Applied to me to some degree, or some of the time;Did not apply to me at all;Did not apply to me at all;Applied to me to some degree, or some of the time;Applied to me to some degree, or some of the time;Applied to me to some degree, or some of the time;Applied to me to some degree, or some of the time;Applied to me to some degree, or some of the time;Applied to me to some degree, or some of the time;Applied to me to some degree, or some of the time;Applied to me to some degree, or some of the time;Applied to me to some degree, or some of the time;Applied to me to some degree, or some of the time
12;23;"5.5""";63;Female;Islam;Rural;Rented House or Mess;Nuclear;3;Business;House Wife;Agree;3,06;1-3 hours;1-3 hours;Married;No;Rarely;yes;No;No;Neutral;Strongly-agree;It was just a brief passing thought;Often (3-4 times);Yes, at one time, but did not really want to die;Unlikely;Very Dissatisfied;Much;Very Much Noticeable;Very Much;Applied to me very much or most of the time;Did not apply to me at all;Applied to me to a considerable degree or a good part of time;Did not apply to me at all;Applied to me to a considerable degree or a good part of time;Applied to me very much or most of the time;Applied to me to some degree, or some of the time;Applied to me to some degree, or some of the time;Applied to me to some degree, or some of the time;Applied to me very much or most of the time;Applied to me to some degree, or some of the time;Applied to me very much or most of the time;Applied to me to some degree, or some of the time;Applied to me to some degree, or some of the time;Applied to me to a considerable degree or a good part of time;Applied to me to some degree, or some of the time;Applied to me very much or most of the time;Did not apply to me at all;Applied to me to some degree, or some of the time;Applied to me to some degree, or some of the time;Applied to me very much or most of the time
11;23;5 feet 4 inch;70;Female;Islam;Urban;Rented House or Mess;Nuclear;1;Business;Service Holder;Agree;2,6;4-6 hours;4-6 hours;Single;No;Regularly;No;No;nothing;Agree;Agree;I have had a plan at least once to kill myself but did not try to do it;Rarely (1 time);No;Never;Dissatisfied;Much;Much;Much;Applied to me to a considerable degree or a good part of time;Applied to me to a considerable degree or a good part of time;Applied to me to a considerable degree or a good part of time;Applied to me to a considerable degree or a good part of time;Applied to me to a considerable degree or a good part of time;Applied to me to a considerable degree or a good part of time;Applied to me to a considerable degree or a good part of time;Applied to me to a considerable degree or a good part of time;Applied to me to some degree, or some of the time;Applied to me to some degree, or some of the time;Applied to me to a considerable degree or a good part of time;Applied to me to a considerable degree or a good part of time;Applied to me to a considerable degree or a good part of time;Applied to me to a considerable degree or a good part of time;Applied to me to a considerable degree or a good part of time;Applied to me to a considerable degree or a good part of time;Applied to me to a considerable degree or a good part of time;Applied to me to a considerable degree or a good part of time;Applied to me to a considerable degree or a good part of time;Applied to me to a considerable degree or a good part of time;Applied to me to a considerable degree or a good part of time
12th;22;5';47;Female;Hindu;Urban;Rented House or Mess;Nuclear;no;Others;Service Holder;Strongly-agree;2,59;1-3 hours;1-3 hours;Single;No;Regularly;yes;yes;drawing, crafting, dance, song;Dis-agree;Strongly-disagree;I have had a plan at least once to kill myself and really wanted to die;Often (3-4 times);No;Likely;Moderately Satisfied;A little;Barely;Somewhat;Applied to me to some degree, or some of the time;Applied to me to some degree, or some of the time;Applied to me to some degree, or some of the time;Did not apply to me at all;Applied to me to some degree, or some of the time;Applied to me very much or most of the time;Applied to me to some degree, or some of the time;Applied to me to some degree, or some of the time;Applied to me very much or most of the time;Applied to me very much or most of the time;Applied to me very much or most of the time;Applied to me to some degree, or some of the time;Applied to me to some degree, or some of the time;Applied to me to a considerable degree or a good part of time;Applied to me to a considerable degree or a good part of time;Applied to me to a considerable degree or a good part of time;Applied to me very much or most of the time;Applied to me very much or most of the time;Applied to me to some degree, or some of the time;Applied to me very much or most of the time;Applied to me very much or most of the time
12;26;"5'2""";72;Male;Islam;Rural;Own House;Join or Extended;2;Service Holder;House Wife;Neural;3;1-3 hours;1-3 hours;Single;No;Offen;No;yes;I can understand people well;Neutral;dis-agree;Never;Never;No;Never;Very Satisfied;Much;Barely;Not at all;Did not apply to me at all;Did not apply to me at all;Did not apply to me at all;Did not apply to me at all;Did not apply to me at all;Did not apply to me at all;Did not apply to me at all;Did not apply to me at all;Did not apply to me at all;Did not apply to me at all;Did not apply to me at all;Did not apply to me at all;Did not apply to me at all;Did not apply to me at all;Did not apply to me at all;Did not apply to me at all;Did not apply to me at all;Did not apply to me at all;Did not apply to me at all;Did not apply to me at all;Did not apply to me at all
last;23;5feet 1;58;Female;Islam;Urban;Rented House or Mess;Join or Extended;2;Service Holder;House Wife;Strongly-agree;2,86;1-3 hours;4-6 hours;Single;No;Offen;yes;No;no;Agree;Agree;Never;Never;No;Never;Satisfied;Very Much Interfering;Not at all Noticeable;Much;Did not apply to me at all;Applied to me to some degree, or some of the time;Applied to me to a considerable degree or a good part of time;Did not apply to me at all;Applied to me to some degree, or some of the time;Applied to me to some degree, or some of the time;Applied to me to some degree, or some of the time;Applied to me to some degree, or some of the time;Did not apply to me at all;Did not apply to me at all;Applied to me to some degree, or some of the time;Applied to me to some degree, or some of the time;Did not apply to me at all;Did not apply to me at all;Did not apply to me at all;Applied to me to some degree, or some of the time;Applied to me to some degree, or some of the time;Applied to me to some degree, or some of the time;Applied to me to some degree, or some of the time;Applied to me to some degree, or some of the time;Applied to me to some degree, or some of the time
5th;22;6 feet;76;Male;Islam;Urban;Own House;Join or Extended;2;Service Holder;House Wife;Agree;3,07;1-3 hours;1-3 hours;Single;No;Regularly;yes;yes;Cricket,Football;Agree;Agree;Never;Rarely (1 time);No;Never;Satisfied;A little;Barely;Somewhat;Applied to me to some degree, or some of the time;Did not apply to me at all;Applied to me to some degree, or some of the time;Did not apply to me at all;Did not apply to me at all;Did not apply to me at all;Applied to me to some degree, or some of the time;Applied to me to some degree, or some of the time;Did not apply to me at all;Did not apply to me at all;Did not apply to me at all;Did not apply to me at all;Applied to me to some degree, or some of the time;Did not apply to me at all;Applied to me to some degree, or some of the time;Applied to me to a considerable degree or a good part of time;Did not apply to me at all;Did not apply to me at all;Applied to me to some degree, or some of the time;Did not apply to me at all;Applied to me to a considerable degree or a good part of time
2nd;21;5 feet 3 inch ;79;Female;Islam;Rural;Own House;Nuclear;0;Business;Service Holder;Neural;3,95;4-6 hours;1-3 hours;Single;No;Regularly;yes;yes;General member of bashundhara shouvo shongo, doing coding class,member of iubat it society  ;Agree;Agree;Never;Never;No;Never;Satisfied;Not at all Interfering;Not at all Noticeable;Not at all;Did not apply to me at all;Did not apply to me at all;Did not apply to me at all;Applied to me to a considerable degree or a good part of time;Applied to me to some degree, or some of the time;Did not apply to me at all;Did not apply to me at all;Did not apply to me at all;Did not apply to me at all;Did not apply to me at all;Did not apply to me at all;Applied to me to some degree, or some of the time;Applied to me to some degree, or some of the time;Applied to me to some degree, or some of the time;Did not apply to me at all;Did not apply to me at all;Applied to me to some degree, or some of the time;Did not apply to me at all;Did not apply to me at all;Did not apply to me at all;Did not apply to me at all
2nd;21;5'2;63;Female;Islam;Rural;Rented House or Mess;Nuclear;3;Others;House Wife;Strongly-agree;3,62;4-6 hours;4-6 hours;Single;No;Regularly;yes;yes;Painting;Neutral;Agree;Never;Never;No;Never;Moderately Satisfied;A little;Barely;Barely;Did not apply to me at all;Applied to me to some degree, or some of the time;Applied to me to some degree, or some of the time;Applied to me to a considerable degree or a good part of time;Applied to me to a considerable degree or a good part of time;Applied to me very much or most of the time;Applied to me very much or most of the time;Applied to me to some degree, or some of the time;Applied to me to some degree, or some of the time;Did not apply to me at all;Did not apply to me at all;Applied to me to some degree, or some of the time;Applied to me to some degree, or some of the time;Did not apply to me at all;Applied to me to some degree, or some of the time;Applied to me to some degree, or some of the time;Applied to me to some degree, or some of the time;Did not apply to me at all;Applied to me to some degree, or some of the time;Applied to me to some degree, or some of the time;Applied to me very much or most of the time
8th semester;22;5'3;80;Female;Islam;Urban;Rented House or Mess;Nuclear;5;Others;House Wife;Dis-agree;2,65;1-3 hours;4-6 hours;Single;No;Regularly;yes;No;no;Neutral;Agree;I have attempted to kill myself, but did not want to die;Sometimes (2 times);No;Never;Dissatisfied;Very Much Interfering;Not at all Noticeable;Much;Did not apply to me at all;Did not apply to me at all;Did not apply to me at all;Applied to me to some degree, or some of the time;Applied to me to some degree, or some of the time;Applied to me to some degree, or some of the time;Did not apply to me at all;Applied to me to some degree, or some of the time;Applied to me to some degree, or some of the time;Did not apply to me at all;Did not apply to me at all;Did not apply to me at all;Did not apply to me at all;Did not apply to me at all;Applied to me to some degree, or some of the time;Did not apply to me at all;Did not apply to me at all;Did not apply to me at all;Did not apply to me at all;Did not apply to me at all;Applied to me very much or most of the time
7 th;22;5 feet 10 inches ;59kg;Male;Islam;Rural;Rented House or Mess;Join or Extended;1;Others;House Wife;Strongly-agree;3,23;1-3 hours;1-3 hours;Single;No;Rarely;No;No;No;Agree;Agree;It was just a brief passing thought;Never;No;Never;Dissatisfied;Somewhat;Much;Much;Applied to me to a considerable degree or a good part of time;Did not apply to me at all;Did not apply to me at all;Did not apply to me at all;Applied to me to a considerable degree or a good part of time;Did not apply to me at all;Did not apply to me at all;Applied to me to a considerable degree or a good part of time;Applied to me to a considerable degree or a good part of time;Did not apply to me at all;Did not apply to me at all;Applied to me to a considerable degree or a good part of time;Did not apply to me at all;Did not apply to me at all;Did not apply to me at all;Did not apply to me at all;Did not apply to me at all;Did not apply to me at all;Did not apply to me at all;Did not apply to me at all;Did not apply to me at all
7th;23;4,9;53;Female;Islam;Urban;Own House;Nuclear;2;Farmer;House Wife;Strongly-agree;3,83;1-3 hours;4-6 hours;Engaged;No;Offen;No;yes;Tuition ;Neutral;Agree;Never;Rarely (1 time);No;Never;Moderately Satisfied;Somewhat;Barely;Somewhat;Applied to me to some degree, or some of the time;Applied to me to some degree, or some of the time;Applied to me to some degree, or some of the time;Applied to me to some degree, or some of the time;Applied to me to some degree, or some of the time;Applied to me to some degree, or some of the time;Applied to me to some degree, or some of the time;Did not apply to me at all;Applied to me to some degree, or some of the time;Applied to me to some degree, or some of the time;Applied to me to some degree, or some of the time;Applied to me to some degree, or some of the time;Applied to me to some degree, or some of the time;Applied to me to some degree, or some of the time;Applied to me to some degree, or some of the time;Applied to me to some degree, or some of the time;Applied to me to a considerable degree or a good part of time;Did not apply to me at all;Applied to me to some degree, or some of the time;Did not apply to me at all;Applied to me to some degree, or some of the time
14th;25;5.6 feet;75;Female;Islam;Urban;Own House;Join or Extended;0;Business;House Wife;Agree;3,49;1-3 hours;1-3 hours;Married;No;Offen;yes;No;no;Agree;Neutral;I have had a plan at least once to kill myself and really wanted to die;Rarely (1 time);No;Never;Very Dissatisfied;Somewhat;Not at all Noticeable;Somewhat;Applied to me very much or most of the time;Applied to me very much or most of the time;Applied to me to some degree, or some of the time;Applied to me very much or most of the time;Applied to me very much or most of the time;Applied to me to a considerable degree or a good part of time;Applied to me to some degree, or some of the time;Applied to me to a considerable degree or a good part of time;Applied to me to a considerable degree or a good part of time;Did not apply to me at all;Applied to me to a considerable degree or a good part of time;Applied to me very much or most of the time;Applied to me very much or most of the time;Did not apply to me at all;Applied to me very much or most of the time;Applied to me very much or most of the time;Applied to me very much or most of the time;Applied to me to some degree, or some of the time;Applied to me very much or most of the time;Applied to me very much or most of the time;Did not apply to me at all
7th;22;5 feet;53;Female;Islam;Rural;Own House;Nuclear;1;Service Holder;House Wife;Agree;3,76;1-3 hours;1-3 hours;Single;No;Regularly;yes;No;Nothing ;Agree;Agree;Never;Never;No;Never;Satisfied;Not at all Interfering;Not at all Noticeable;Not at all;Did not apply to me at all;Did not apply to me at all;Did not apply to me at all;Did not apply to me at all;Did not apply to me at all;Did not apply to me at all;Did not apply to me at all;Did not apply to me at all;Did not apply to me at all;Did not apply to me at all;Did not apply to me at all;Did not apply to me at all;Did not apply to me at all;Did not apply to me at all;Did not apply to me at all;Did not apply to me at all;Did not apply to me at all;Did not apply to me at all;Did not apply to me at all;Did not apply to me at all;Did not apply to me at all
13th;22;5 feet 2 inches;40 kg;Female;Islam;Rural;Own House;Nuclear;2;Business;House Wife;Strongly-agree;2,54;1-3 hours;1-3 hours;Single;No;Regularly;yes;yes;Teaching ;Neutral;Neutral;Never;Never;No;Never;Very Satisfied;Not at all Interfering;Not at all Noticeable;Not at all;Applied to me to a considerable degree or a good part of time;Applied to me to a considerable degree or a good part of time;Applied to me very much or most of the time;Applied to me very much or most of the time;Applied to me very much or most of the time;Applied to me to some degree, or some of the time;Applied to me to some degree, or some of the time;Applied to me to some degree, or some of the time;Applied to me to some degree, or some of the time;Applied to me to a considerable degree or a good part of time;Applied to me to some degree, or some of the time;Applied to me to some degree, or some of the time;Applied to me to some degree, or some of the time;Applied to me to some degree, or some of the time;Applied to me to some degree, or some of the time;Applied to me to some degree, or some of the time;Applied to me to some degree, or some of the time;Applied to me to some degree, or some of the time;Applied to me to some degree, or some of the time;Applied to me to some degree, or some of the time;Did not apply to me at all
4;21;5,5;61;Male;Islam;Rural;Rented House or Mess;Join or Extended;3 brothers;Business;House Wife;Agree;3,16;4-6 hours;1-3 hours;Single;No;Regularly;yes;yes;yes;Agree;Agree;Never;Never;No;Never;Satisfied;Not at all Interfering;Not at all Noticeable;Not at all;Did not apply to me at all;Did not apply to me at all;Did not apply to me at all;Did not apply to me at all;Did not apply to me at all;Did not apply to me at all;Did not apply to me at all;Did not apply to me at all;Did not apply to me at all;Did not apply to me at all;Did not apply to me at all;Did not apply to me at all;Did not apply to me at all;Did not apply to me at all;Did not apply to me at all;Did not apply to me at all;Did not apply to me at all;Did not apply to me at all;Did not apply to me at all;Did not apply to me at all;Did not apply to me at all
7th;23;"5 feet 2""";70;Male;Islam;Rural;Rented House or Mess;Nuclear;2;Business;House Wife;Agree;3,52;1-3 hours;1-3 hours;Single;No;Offen;yes;No;no;Agree;Agree;Never;Never;No;Never;Dissatisfied;A little;Not at all Noticeable;Barely;Did not apply to me at all;Did not apply to me at all;Applied to me very much or most of the time;Did not apply to me at all;Applied to me to a considerable degree or a good part of time;Did not apply to me at all;Did not apply to me at all;Applied to me very much or most of the time;Applied to me very much or most of the time;Applied to me very much or most of the time;Did not apply to me at all;Did not apply to me at all;Applied to me very much or most of the time;Did not apply to me at all;Did not apply to me at all;Applied to me very much or most of the time;Did not apply to me at all;Applied to me very much or most of the time;Applied to me very much or most of the time;Did not apply to me at all;Applied to me very much or most of the time
6th;22;5feet11;63;Male;Islam;Rural;Rented House or Mess;Join or Extended;None;Business;House Wife;Strongly-agree;3;1-3 hours;1-3 hours;Single;No;Regularly;yes;yes;I used to play volleyball ;Agree;Agree;Never;Never;No;Never;Satisfied;A little;Not at all Noticeable;Not at all;Did not apply to me at all;Did not apply to me at all;Did not apply to me at all;Did not apply to me at all;Did not apply to me at all;Did not apply to me at all;Did not apply to me at all;Did not apply to me at all;Did not apply to me at all;Applied to me to some degree, or some of the time;Applied to me to some degree, or some of the time;Applied to me very much or most of the time;Applied to me to a considerable degree or a good part of time;Applied to me to a considerable degree or a good part of time;Applied to me to some degree, or some of the time;Applied to me to some degree, or some of the time;Did not apply to me at all;Did not apply to me at all;Did not apply to me at all;Did not apply to me at all;Did not apply to me at all
10th;23;5 feet;50 kg;Female;Islam;Rural;Rented House or Mess;Join or Extended;1;Service Holder;House Wife;Agree;2,7;1-3 hours;1-3 hours;Single;No;Offen;No;yes;BNCC ;Agree;Agree;It was just a brief passing thought;Sometimes (2 times);No;Rather Unlikely;Dissatisfied;Much;Not at all Noticeable;Not at all;Did not apply to me at all;Did not apply to me at all;Did not apply to me at all;Did not apply to me at all;Did not apply to me at all;Did not apply to me at all;Did not apply to me at all;Did not apply to me at all;Did not apply to me at all;Did not apply to me at all;Did not apply to me at all;Did not apply to me at all;Did not apply to me at all;Did not apply to me at all;Did not apply to me at all;Did not apply to me at all;Did not apply to me at all;Did not apply to me at all;Did not apply to me at all;Did not apply to me at all;Did not apply to me at all
5th;22;5.9 feet;79;Male;Islam;Urban;Own House;Nuclear;3;Business;House Wife;Strongly-agree;3,44;1-3 hours;1-3 hours;Single;No;Regularly;yes;yes;Python program ;Strongly-agree;Agree;Never;Never;No;Never;Dissatisfied;A little;Not at all Noticeable;Not at all;Did not apply to me at all;Did not apply to me at all;Applied to me to a considerable degree or a good part of time;Did not apply to me at all;Applied to me to some degree, or some of the time;Applied to me to some degree, or some of the time;Applied to me to some degree, or some of the time;Applied to me to some degree, or some of the time;Applied to me to some degree, or some of the time;Applied to me to some degree, or some of the time;Applied to me to some degree, or some of the time;Applied to me to some degree, or some of the time;Applied to me to some degree, or some of the time;Applied to me to some degree, or some of the time;Did not apply to me at all;Applied to me to some degree, or some of the time;Applied to me to some degree, or some of the time;Did not apply to me at all;Did not apply to me at all;Did not apply to me at all;Did not apply to me at all
5th;22;  5 feet 7 inch;70 kg;Male;Islam;Rural;Rented House or Mess;Join or Extended;4;Business;House Wife;Strongly-agree;3,92;1-3 hours;1-3 hours;Single;No;Offen;yes;No;None;Agree;Agree;Never;Never;No;Never;Moderately Satisfied;Somewhat;Not at all Noticeable;Barely;Applied to me to a considerable degree or a good part of time;Did not apply to me at all;Did not apply to me at all;Did not apply to me at all;Applied to me to some degree, or some of the time;Applied to me to some degree, or some of the time;Did not apply to me at all;Did not apply to me at all;Applied to me to some degree, or some of the time;Did not apply to me at all;Did not apply to me at all;Did not apply to me at all;Did not apply to me at all;Did not apply to me at all;Did not apply to me at all;Did not apply to me at all;Did not apply to me at all;Did not apply to me at all;Did not apply to me at all;Did not apply to me at all;Did not apply to me at all
5th;22;"5'7""";70;Male;Islam;Rural;Rented House or Mess;Nuclear;3;Farmer;House Wife;Agree;3,07;1-3 hours;7-9 hours;Single;No;Regularly;No;No;no;Strongly_disagree;dis-agree;Never;Rarely (1 time);No;No chance at all;Moderately Satisfied;Not at all Interfering;Very Much Noticeable;Barely;Did not apply to me at all;Did not apply to me at all;Did not apply to me at all;Did not apply to me at all;Applied to me very much or most of the time;Did not apply to me at all;Did not apply to me at all;Applied to me to some degree, or some of the time;Applied to me to some degree, or some of the time;Applied to me to a considerable degree or a good part of time;Did not apply to me at all;Did not apply to me at all;Applied to me to some degree, or some of the time;Applied to me to a considerable degree or a good part of time;Did not apply to me at all;Applied to me to a considerable degree or a good part of time;Applied to me very much or most of the time;Did not apply to me at all;Did not apply to me at all;Did not apply to me at all;Applied to me very much or most of the time
5th;23;5 feet 8 inch ;70;Male;Islam;Rural;Rented House or Mess;Join or Extended;3;Business;House Wife;Agree;3,2;1-3 hours;1-3 hours;Single;No;Regularly;yes;yes;digital marketing ;Agree;Agree;Never;Never;No;Never;Very Satisfied;A little;Not at all Noticeable;Not at all;Did not apply to me at all;Did not apply to me at all;Did not apply to me at all;Did not apply to me at all;Did not apply to me at all;Applied to me very much or most of the time;Applied to me very much or most of the time;Applied to me very much or most of the time;Did not apply to me at all;Did not apply to me at all;Did not apply to me at all;Did not apply to me at all;Did not apply to me at all;Did not apply to me at all;Did not apply to me at all;Did not apply to me at all;Did not apply to me at all;Did not apply to me at all;Did not apply to me at all;Did not apply to me at all;Did not apply to me at all
11th;22;5 feet 4 inch ;45;Male;Islam;Rural;Own House;Nuclear;3;Business;House Wife;Strongly-agree;2,45;1-3 hours;4-6 hours;Single;No;Offen;yes;yes;volunteerary works;Neutral;Agree;Never;Never;Yes, more than once, but did not want to do it;Never;Satisfied;A little;Barely;Not at all;Applied to me to some degree, or some of the time;Did not apply to me at all;Applied to me to a considerable degree or a good part of time;Applied to me to some degree, or some of the time;Applied to me to some degree, or some of the time;Applied to me to a considerable degree or a good part of time;Did not apply to me at all;Applied to me to some degree, or some of the time;Applied to me to some degree, or some of the time;Applied to me to a considerable degree or a good part of time;Did not apply to me at all;Did not apply to me at all;Did not apply to me at all;Did not apply to me at all;Did not apply to me at all;Did not apply to me at all;Applied to me to a considerable degree or a good part of time;Applied to me to some degree, or some of the time;Did not apply to me at all;Did not apply to me at all;Did not apply to me at all
5th;21;5,9;72;Male;Islam;Rural;Rented House or Mess;Join or Extended;2;Business;House Wife;Strongly-disagree;3,7;1-3 hours;7-9 hours;Single;No;Regularly;yes;No;No;Neutral;dis-agree;Never;Never;No;Never;Moderately Satisfied;A little;Much;Much;Did not apply to me at all;Did not apply to me at all;Did not apply to me at all;Did not apply to me at all;Did not apply to me at all;Did not apply to me at all;Did not apply to me at all;Applied to me to some degree, or some of the time;Applied to me very much or most of the time;Did not apply to me at all;Did not apply to me at all;Applied to me to some degree, or some of the time;Did not apply to me at all;Applied to me to some degree, or some of the time;Did not apply to me at all;Did not apply to me at all;Did not apply to me at all;Did not apply to me at all;Did not apply to me at all;Did not apply to me at all;Did not apply to me at all
5th;21;5;48;Female;Islam;Urban;Rented House or Mess;Nuclear;1;Service Holder;House Wife;Strongly-disagree;2,95;1-3 hours;4-6 hours;Single;No;Offen;yes;No;no;Neutral;Agree;Never;Never;No;Never;Very Satisfied;Not at all Interfering;Not at all Noticeable;Not at all;Did not apply to me at all;Did not apply to me at all;Did not apply to me at all;Did not apply to me at all;Did not apply to me at all;Did not apply to me at all;Did not apply to me at all;Applied to me very much or most of the time;Applied to me very much or most of the time;Applied to me to some degree, or some of the time;Did not apply to me at all;Did not apply to me at all;Did not apply to me at all;Did not apply to me at all;Did not apply to me at all;Applied to me very much or most of the time;Did not apply to me at all;Did not apply to me at all;Did not apply to me at all;Applied to me to some degree, or some of the time;Did not apply to me at all
4th;21;5,8;75;Male;Islam;Rural;Rented House or Mess;Nuclear;2;Others;House Wife;Agree;3,46;1-3 hours;1-3 hours;Single;No;Rarely;yes;No;Nothing;Neutral;Neutral;Never;Never;No;Unlikely;Dissatisfied;Somewhat;Not at all Noticeable;Barely;Did not apply to me at all;Did not apply to me at all;Applied to me to some degree, or some of the time;Did not apply to me at all;Applied to me to a considerable degree or a good part of time;Applied to me to some degree, or some of the time;Did not apply to me at all;Applied to me to some degree, or some of the time;Applied to me to a considerable degree or a good part of time;Did not apply to me at all;Did not apply to me at all;Applied to me to some degree, or some of the time;Did not apply to me at all;Applied to me to some degree, or some of the time;Did not apply to me at all;Did not apply to me at all;Did not apply to me at all;Did not apply to me at all;Did not apply to me at all;Applied to me to some degree, or some of the time;Did not apply to me at all
11th;24;5feet 2inch;74;Female;Islam;Rural;Rented House or Mess;Join or Extended;4;Others;House Wife;Neural;2,7;1-3 hours;4-6 hours;Married;No;Regularly;yes;yes;Tuition ;Agree;Agree;Never;Never;No;No chance at all;Satisfied;A little;Not at all Noticeable;Not at all;Did not apply to me at all;Did not apply to me at all;Did not apply to me at all;Did not apply to me at all;Did not apply to me at all;Did not apply to me at all;Did not apply to me at all;Did not apply to me at all;Did not apply to me at all;Did not apply to me at all;Did not apply to me at all;Did not apply to me at all;Did not apply to me at all;Did not apply to me at all;Did not apply to me at all;Did not apply to me at all;Did not apply to me at all;Did not apply to me at all;Did not apply to me at all;Did not apply to me at all;Did not apply to me at all
2nd;19;4 feet 2 Inc;50;Female;Islam;Urban;Own House;Nuclear;1;Others;House Wife;Agree;3,29;4-6 hours;1-3 hours;Single;No;Regularly;yes;yes;Freelancer ;Agree;Strongly-agree;Never;Never;No;No chance at all;Satisfied;Very Much Interfering;Much;Not at all;Did not apply to me at all;Applied to me very much or most of the time;Did not apply to me at all;Did not apply to me at all;Did not apply to me at all;Applied to me to some degree, or some of the time;Did not apply to me at all;Did not apply to me at all;Applied to me to some degree, or some of the time;Did not apply to me at all;Did not apply to me at all;Applied to me very much or most of the time;Did not apply to me at all;Did not apply to me at all;Applied to me to some degree, or some of the time;Did not apply to me at all;Applied to me to some degree, or some of the time;Did not apply to me at all;Did not apply to me at all;Did not apply to me at all;Did not apply to me at all
4th;21;6 feet;70;Male;Islam;Rural;Rented House or Mess;Nuclear;2;Service Holder;House Wife;Agree;3,2;1-3 hours;1-3 hours;Single;No;Offen;yes;No;No;Agree;Neutral;Never;Never;No;Never;Dissatisfied;Much;Much;Somewhat;Did not apply to me at all;Did not apply to me at all;Did not apply to me at all;Did not apply to me at all;Did not apply to me at all;Applied to me to some degree, or some of the time;Applied to me to some degree, or some of the time;Applied to me to some degree, or some of the time;Applied to me to some degree, or some of the time;Did not apply to me at all;Did not apply to me at all;Did not apply to me at all;Applied to me to some degree, or some of the time;Applied to me to some degree, or some of the time;Did not apply to me at all;Did not apply to me at all;Did not apply to me at all;Did not apply to me at all;Applied to me to some degree, or some of the time;Did not apply to me at all;Did not apply to me at all
9;24;5,6;74;Male;Islam;Rural;Own House;Nuclear;1;Others;House Wife;Neural;2,9;1-3 hours;4-6 hours;Single;Yes;Regularly;No;yes;E-sports,to improve my communication skills;Neutral;Neutral;Never;Never;No;Never;Very Satisfied;Somewhat;Not at all Noticeable;Not at all;Did not apply to me at all;Did not apply to me at all;Applied to me to a considerable degree or a good part of time;Applied to me to some degree, or some of the time;Applied to me to some degree, or some of the time;Did not apply to me at all;Applied to me to a considerable degree or a good part of time;Applied to me to a considerable degree or a good part of time;Did not apply to me at all;Applied to me very much or most of the time;Did not apply to me at all;Applied to me very much or most of the time;Did not apply to me at all;Applied to me to some degree, or some of the time;Did not apply to me at all;Did not apply to me at all;Did not apply to me at all;Did not apply to me at all;Applied to me to a considerable degree or a good part of time;Applied to me to a considerable degree or a good part of time;Did not apply to me at all
4th;21;5 feet 6 inch;53kg;Male;Islam;Urban;Rented House or Mess;Join or Extended;1;Business;House Wife;Agree;2,28;1-3 hours;1-3 hours;Engaged;Yes;Offen;No;yes;Member of bangladesh Scout ;Neutral;Agree;I have attempted to kill myself, and really hoped to die;Never;No;Never;Very Dissatisfied;Very Much Interfering;Very Much Noticeable;Very Much;Applied to me very much or most of the time;Applied to me very much or most of the time;Applied to me to some degree, or some of the time;Applied to me very much or most of the time;Did not apply to me at all;Did not apply to me at all;Did not apply to me at all;Applied to me to a considerable degree or a good part of time;Did not apply to me at all;Applied to me to some degree, or some of the time;Did not apply to me at all;Applied to me very much or most of the time;Did not apply to me at all;Did not apply to me at all;Applied to me to some degree, or some of the time;Did not apply to me at all;Applied to me very much or most of the time;Did not apply to me at all;Applied to me very much or most of the time;Applied to me to a considerable degree or a good part of time;Applied to me very much or most of the time
4th;22;5,7;60;Male;Islam;Urban;Rented House or Mess;Join or Extended;5;Service Holder;House Wife;Strongly-agree;3;1-3 hours;4-6 hours;Single;No;Rarely;yes;yes;Software Developar;Strongly-agree;dis-agree;Never;Never;No;Never;Dissatisfied;A little;Not at all Noticeable;Not at all;Did not apply to me at all;Did not apply to me at all;Did not apply to me at all;Did not apply to me at all;Did not apply to me at all;Did not apply to me at all;Did not apply to me at all;Did not apply to me at all;Did not apply to me at all;Did not apply to me at all;Did not apply to me at all;Did not apply to me at all;Did not apply to me at all;Did not apply to me at all;Did not apply to me at all;Did not apply to me at all;Did not apply to me at all;Did not apply to me at all;Did not apply to me at all;Did not apply to me at all;Did not apply to me at all
6th;22;5 feet 1 inches ;58;Female;Islam;Rural;Rented House or Mess;Nuclear;3;Service Holder;House Wife;Agree;3,5;1-3 hours;1-3 hours;Engaged;No;Regularly;yes;yes;Skill development ;Agree;Neutral;Never;Never;No;Never;Moderately Satisfied;Somewhat;Somewhat;Somewhat;Did not apply to me at all;Did not apply to me at all;Did not apply to me at all;Did not apply to me at all;Did not apply to me at all;Did not apply to me at all;Did not apply to me at all;Did not apply to me at all;Did not apply to me at all;Did not apply to me at all;Did not apply to me at all;Did not apply to me at all;Did not apply to me at all;Did not apply to me at all;Did not apply to me at all;Did not apply to me at all;Did not apply to me at all;Did not apply to me at all;Did not apply to me at all;Did not apply to me at all;Did not apply to me at all
4th;21;"5"" 4";65;Female;Islam;Urban;Rented House or Mess;Nuclear;2 sister;Service Holder;Service Holder;Agree;2,88;4-6 hours;1-3 hours;Single;No;Regularly;yes;yes;Painting ;Agree;Agree;Never;Never;No;No chance at all;Very Dissatisfied;Not at all Interfering;Not at all Noticeable;Barely;Applied to me very much or most of the time;Did not apply to me at all;Applied to me to a considerable degree or a good part of time;Applied to me to a considerable degree or a good part of time;Applied to me to a considerable degree or a good part of time;Applied to me to some degree, or some of the time;Applied to me to some degree, or some of the time;Did not apply to me at all;Applied to me to some degree, or some of the time;Applied to me to a considerable degree or a good part of time;Applied to me to a considerable degree or a good part of time;Applied to me to some degree, or some of the time;Applied to me to a considerable degree or a good part of time;Did not apply to me at all;Applied to me to some degree, or some of the time;Applied to me to a considerable degree or a good part of time;Did not apply to me at all;Did not apply to me at all;Applied to me very much or most of the time;Applied to me to a considerable degree or a good part of time;Did not apply to me at all
5th;21;5 feet 7 inches;58kg;Male;Islam;Urban;Rented House or Mess;Join or Extended;0;Business;House Wife;Strongly-agree;2,9;4-6 hours;1-3 hours;Single;No;Regularly;yes;No;I am not involved ;Neutral;Agree;Never;Never;No;Never;Moderately Satisfied;A little;Not at all Noticeable;Not at all;Did not apply to me at all;Did not apply to me at all;Applied to me to a considerable degree or a good part of time;Did not apply to me at all;Did not apply to me at all;Did not apply to me at all;Did not apply to me at all;Did not apply to me at all;Did not apply to me at all;Did not apply to me at all;Did not apply to me at all;Did not apply to me at all;Did not apply to me at all;Did not apply to me at all;Did not apply to me at all;Did not apply to me at all;Did not apply to me at all;Did not apply to me at all;Did not apply to me at all;Did not apply to me at all;Did not apply to me at all
Complete 4th semester ;22;5 feet, 1 inch;43;Female;Islam;Rural;Rented House or Mess;Nuclear;1;Others;House Wife;Agree;3,15;1-3 hours;1-3 hours;Single;No;Regularly;No;No;No;Agree;dis-agree;I have had a plan at least once to kill myself but did not try to do it;Sometimes (2 times);No;Never;Moderately Satisfied;Much;Much;Much;Applied to me to some degree, or some of the time;Applied to me to a considerable degree or a good part of time;Did not apply to me at all;Did not apply to me at all;Applied to me to a considerable degree or a good part of time;Applied to me to some degree, or some of the time;Applied to me to some degree, or some of the time;Applied to me to some degree, or some of the time;Applied to me to some degree, or some of the time;Did not apply to me at all;Applied to me to some degree, or some of the time;Applied to me to some degree, or some of the time;Did not apply to me at all;Did not apply to me at all;Applied to me to some degree, or some of the time;Did not apply to me at all;Applied to me to some degree, or some of the time;Applied to me to some degree, or some of the time;Did not apply to me at all;Did not apply to me at all;Did not apply to me at all
12th;24;5 feet 6 inches ;67;Male;Islam;Rural;Rented House or Mess;Join or Extended;1;Business;House Wife;Strongly-agree;2,89;1-3 hours;1-3 hours;Single;Yes;Offen;yes;yes;Football ;Agree;Agree;I have had a plan at least once to kill myself but did not try to do it;Rarely (1 time);No;Never;Very Dissatisfied;Very Much Interfering;Much;Very Much;Did not apply to me at all;Did not apply to me at all;Applied to me to a considerable degree or a good part of time;Applied to me to some degree, or some of the time;Did not apply to me at all;Applied to me very much or most of the time;Applied to me to some degree, or some of the time;Applied to me to a considerable degree or a good part of time;Applied to me to a considerable degree or a good part of time;Applied to me to some degree, or some of the time;Applied to me to a considerable degree or a good part of time;Applied to me to some degree, or some of the time;Applied to me to some degree, or some of the time;Applied to me to some degree, or some of the time;Applied to me to some degree, or some of the time;Applied to me to some degree, or some of the time;Did not apply to me at all;Did not apply to me at all;Did not apply to me at all;Did not apply to me at all;Did not apply to me at all
7th;22;"5""11";62;Male;Islam;Rural;Rented House or Mess;Join or Extended;No one;Service Holder;House Wife;Strongly-agree;3;1-3 hours;1-3 hours;Married;Yes;Regularly;yes;yes;Volleyball, eSports (pubg) competitive ;Neutral;Neutral;Never;Never;No;Never;Very Satisfied;Not at all Interfering;Not at all Noticeable;Not at all;Did not apply to me at all;Did not apply to me at all;Did not apply to me at all;;Did not apply to me at all;Did not apply to me at all;Did not apply to me at all;Did not apply to me at all;Did not apply to me at all;Did not apply to me at all;Did not apply to me at all;Did not apply to me at all;Did not apply to me at all;Did not apply to me at all;Did not apply to me at all;Did not apply to me at all;Did not apply to me at all;Did not apply to me at all;Did not apply to me at all;Did not apply to me at all;Did not apply to me at all
4th;21;5 feet 2 inch;55 kg;Female;Islam;Rural;Rented House or Mess;Nuclear;1;Service Holder;House Wife;Agree;2,7;1-3 hours;1-3 hours;Single;No;Regularly;No;No;Nothing ;Neutral;Agree;Never;Never;No;Never;Very Dissatisfied;Not at all Interfering;Barely;Much;Applied to me to some degree, or some of the time;Did not apply to me at all;Applied to me to some degree, or some of the time;Did not apply to me at all;Did not apply to me at all;Did not apply to me at all;Did not apply to me at all;Did not apply to me at all;Did not apply to me at all;Did not apply to me at all;Did not apply to me at all;Did not apply to me at all;Did not apply to me at all;Did not apply to me at all;Did not apply to me at all;Did not apply to me at all;Did not apply to me at all;Did not apply to me at all;Did not apply to me at all;Did not apply to me at all;Did not apply to me at all
6th;22;5,6;57;Male;Islam;Urban;Rented House or Mess;Join or Extended;1;Farmer;House Wife;Neural;2,75;1-3 hours;>=9 hours;Single;No;Rarely;yes;No;no;Agree;Agree;I have had a plan at least once to kill myself and really wanted to die;Very Often (5 or more times);No;Very Likely;Dissatisfied;A little;Much;Somewhat;Did not apply to me at all;Applied to me to some degree, or some of the time;Applied to me to some degree, or some of the time;Applied to me to some degree, or some of the time;Applied to me to some degree, or some of the time;Applied to me to some degree, or some of the time;Did not apply to me at all;Applied to me to some degree, or some of the time;Applied to me to some degree, or some of the time;Did not apply to me at all;Did not apply to me at all;Did not apply to me at all;Applied to me to some degree, or some of the time;Applied to me to some degree, or some of the time;Did not apply to me at all;Applied to me to some degree, or some of the time;Did not apply to me at all;Applied to me very much or most of the time;Applied to me very much or most of the time;Did not apply to me at all;Did not apply to me at all
5th;21;5 feet 8 inches;56 kg;Male;Islam;Urban;Rented House or Mess;Nuclear;2;Business;House Wife;Strongly-agree;3;4-6 hours;4-6 hours;Single;Yes;Offen;No;No;no;Agree;Neutral;Never;Never;No;No chance at all;Satisfied;A little;Barely;Not at all;Applied to me to some degree, or some of the time;Did not apply to me at all;Did not apply to me at all;Applied to me to some degree, or some of the time;Applied to me to some degree, or some of the time;Did not apply to me at all;Applied to me to some degree, or some of the time;Did not apply to me at all;Did not apply to me at all;Did not apply to me at all;Applied to me to some degree, or some of the time;Applied to me to some degree, or some of the time;Applied to me to some degree, or some of the time;Applied to me to some degree, or some of the time;Did not apply to me at all;Did not apply to me at all;Applied to me to some degree, or some of the time;Did not apply to me at all;Applied to me to some degree, or some of the time;Did not apply to me at all;Applied to me to some degree, or some of the time
8;23;5'11'';53;Male;Islam;Urban;Own House;Nuclear;2;Others;Others;Strongly-agree;3,2;4-6 hours;1-3 hours;Single;No;Regularly;yes;yes;Yoga;Neutral;Neutral;Never;Never;No;Never;Very Satisfied;Not at all Interfering;Somewhat;Somewhat;Did not apply to me at all;Did not apply to me at all;Did not apply to me at all;Did not apply to me at all;Did not apply to me at all;Did not apply to me at all;Did not apply to me at all;Did not apply to me at all;Did not apply to me at all;Did not apply to me at all;Did not apply to me at all;Did not apply to me at all;Did not apply to me at all;Did not apply to me at all;Did not apply to me at all;Did not apply to me at all;Did not apply to me at all;Did not apply to me at all;Did not apply to me at all;Did not apply to me at all;Did not apply to me at all
5th;21;5.4 feet ;105;Male;Islam;Urban;Own House;Nuclear;1;Business;House Wife;Strongly-agree;2,48;1-3 hours;4-6 hours;Single;No;Rarely;yes;No;No;Neutral;dis-agree;Never;Never;No;Never;Dissatisfied;A little;Not at all Noticeable;Not at all;Did not apply to me at all;Applied to me very much or most of the time;Applied to me to some degree, or some of the time;Did not apply to me at all;Did not apply to me at all;Did not apply to me at all;Did not apply to me at all;Applied to me to some degree, or some of the time;Applied to me to some degree, or some of the time;Applied to me to some degree, or some of the time;Applied to me to some degree, or some of the time;Applied to me to some degree, or some of the time;Did not apply to me at all;Did not apply to me at all;Did not apply to me at all;Did not apply to me at all;Did not apply to me at all;Did not apply to me at all;Applied to me to some degree, or some of the time;Applied to me to some degree, or some of the time;Did not apply to me at all
5th;23;5 feet 2 inches;45 kg;Female;Islam;Rural;Own House;Nuclear;3;Others;House Wife;Strongly-agree;3,46;4-6 hours;1-3 hours;Engaged;No;Regularly;yes;No;No;Agree;Agree;Never;Never;No;Never;Dissatisfied;Much;Not at all Noticeable;Not at all;Applied to me to some degree, or some of the time;Applied to me to a considerable degree or a good part of time;Applied to me to a considerable degree or a good part of time;Applied to me to some degree, or some of the time;Applied to me to some degree, or some of the time;Applied to me to some degree, or some of the time;Applied to me to some degree, or some of the time;Applied to me to a considerable degree or a good part of time;Applied to me to some degree, or some of the time;Applied to me to a considerable degree or a good part of time;Applied to me to a considerable degree or a good part of time;Applied to me to some degree, or some of the time;Applied to me to some degree, or some of the time;Applied to me to some degree, or some of the time;Applied to me to some degree, or some of the time;Applied to me to a considerable degree or a good part of time;Applied to me to a considerable degree or a good part of time;Applied to me to some degree, or some of the time;Applied to me to some degree, or some of the time;Applied to me to a considerable degree or a good part of time;Applied to me to a considerable degree or a good part of time
5th;23;5feet;55;Female;Islam;Rural;Rented House or Mess;Nuclear;2;Business;Others;Agree;3,34;1-3 hours;4-6 hours;Single;No;Offen;No;No;No;Neutral;Strongly-agree;It was just a brief passing thought;Rarely (1 time);Yes, at one time, and really wanted to do it;Never;Satisfied;Not at all Interfering;Not at all Noticeable;Not at all;Did not apply to me at all;Applied to me very much or most of the time;Did not apply to me at all;Did not apply to me at all;Did not apply to me at all;Applied to me to a considerable degree or a good part of time;Did not apply to me at all;Applied to me to a considerable degree or a good part of time;Applied to me very much or most of the time;Did not apply to me at all;Did not apply to me at all;Did not apply to me at all;Did not apply to me at all;Did not apply to me at all;Did not apply to me at all;Did not apply to me at all;Did not apply to me at all;Did not apply to me at all;Did not apply to me at all;Did not apply to me at all;Did not apply to me at all
12;23;5.1 feet;70 kg;Female;Islam;Rural;Own House;Join or Extended;No;Business;House Wife;Strongly-agree;2,8;1-3 hours;1-3 hours;Married;No;Regularly;No;yes;I can sew my own cloth, many types of arts crafts etc;Dis-agree;dis-agree;Never;Never;No;Never;Moderately Satisfied;Somewhat;Barely;Not at all;Applied to me to some degree, or some of the time;Applied to me to some degree, or some of the time;Applied to me to some degree, or some of the time;Applied to me to some degree, or some of the time;Did not apply to me at all;Did not apply to me at all;Applied to me to some degree, or some of the time;Applied to me to some degree, or some of the time;Applied to me to some degree, or some of the time;Did not apply to me at all;Applied to me very much or most of the time;Did not apply to me at all;Did not apply to me at all;Applied to me to a considerable degree or a good part of time;Did not apply to me at all;Did not apply to me at all;Did not apply to me at all;Applied to me to some degree, or some of the time;Applied to me to some degree, or some of the time;Did not apply to me at all;Did not apply to me at all
4th;21;5 feet;63;Female;Islam;Rural;Rented House or Mess;Nuclear;5;Others;House Wife;Strongly-agree;3,63;7-9 hours;1-3 hours;Single;No;Regularly;yes;No;Nothing Special ;Agree;Strongly-agree;Never;Never;No;No chance at all;Satisfied;A little;Not at all Noticeable;Very Much;Did not apply to me at all;Applied to me to a considerable degree or a good part of time;Applied to me to a considerable degree or a good part of time;Did not apply to me at all;Did not apply to me at all;Did not apply to me at all;Did not apply to me at all;Applied to me to some degree, or some of the time;Applied to me to some degree, or some of the time;Applied to me to a considerable degree or a good part of time;Applied to me to some degree, or some of the time;Applied to me very much or most of the time;Applied to me to some degree, or some of the time;Applied to me to some degree, or some of the time;Applied to me to some degree, or some of the time;Did not apply to me at all;Did not apply to me at all;Applied to me to some degree, or some of the time;Did not apply to me at all;Applied to me to some degree, or some of the time;Did not apply to me at all
5th;23;5 feet 1 inches;64;Female;Islam;Rural;Rented House or Mess;Nuclear;2;Business;House Wife;Neural;3,42;1-3 hours;7-9 hours;Single;No;Offen;No;No;No;Agree;Agree;I have had a plan at least once to kill myself but did not try to do it;Rarely (1 time);Yes, at one time, but did not really want to die;No chance at all;Satisfied;A little;Barely;Not at all;Applied to me to some degree, or some of the time;Did not apply to me at all;Did not apply to me at all;Did not apply to me at all;Applied to me to some degree, or some of the time;Applied to me to some degree, or some of the time;Applied to me to some degree, or some of the time;Applied to me to some degree, or some of the time;Applied to me to some degree, or some of the time;Applied to me to some degree, or some of the time;Applied to me to some degree, or some of the time;Applied to me very much or most of the time;Applied to me very much or most of the time;Applied to me to a considerable degree or a good part of time;Applied to me to some degree, or some of the time;Applied to me to some degree, or some of the time;Applied to me very much or most of the time;Applied to me very much or most of the time;Applied to me very much or most of the time;Applied to me very much or most of the time;Applied to me very much or most of the time
7th;28;"5.1""";64;Female;Islam;Rural;Rented House or Mess;Nuclear;0;Service Holder;Service Holder;Strongly-agree;3,03;1-3 hours;1-3 hours;Married;No;Regularly;yes;yes;Gardening ;Agree;Agree;Never;Never;No;Never;Moderately Satisfied;Much;Barely;Barely;Applied to me to some degree, or some of the time;Applied to me very much or most of the time;Did not apply to me at all;Did not apply to me at all;Did not apply to me at all;Did not apply to me at all;Did not apply to me at all;Did not apply to me at all;Applied to me to some degree, or some of the time;Did not apply to me at all;Did not apply to me at all;Did not apply to me at all;Did not apply to me at all;Applied to me to some degree, or some of the time;Applied to me to some degree, or some of the time;Did not apply to me at all;Did not apply to me at all;Applied to me to some degree, or some of the time;Applied to me to some degree, or some of the time;Did not apply to me at all;Did not apply to me at all
14 th;25;5 feet 7 inches;67;Male;Islam;Rural;Rented House or Mess;Nuclear;2;Service Holder;Service Holder;Strongly-agree;3,12;1-3 hours;1-3 hours;Married;No;Rarely;yes;yes;Coding;Agree;Agree;I have had a plan at least once to kill myself but did not try to do it;Never;No;Never;Dissatisfied;A little;Barely;Barely;Did not apply to me at all;Did not apply to me at all;Applied to me to a considerable degree or a good part of time;Did not apply to me at all;Did not apply to me at all;Applied to me to some degree, or some of the time;Did not apply to me at all;Did not apply to me at all;Applied to me very much or most of the time;Applied to me to a considerable degree or a good part of time;Did not apply to me at all;Applied to me to a considerable degree or a good part of time;Applied to me to a considerable degree or a good part of time;Applied to me to a considerable degree or a good part of time;Applied to me to some degree, or some of the time;Did not apply to me at all;Did not apply to me at all;Did not apply to me at all;Applied to me to some degree, or some of the time;Did not apply to me at all;Applied to me to some degree, or some of the time
5th;24;5 feer 8 inch;87;Male;Islam;Rural;Rented House or Mess;Nuclear;0;Service Holder;House Wife;Neural;3,36;4-6 hours;1-3 hours;Single;No;Offen;No;No;null;Neutral;dis-agree;Never;Never;No;Never;Dissatisfied;Much;Not at all Noticeable;Barely;Applied to me to some degree, or some of the time;Did not apply to me at all;Did not apply to me at all;Applied to me to a considerable degree or a good part of time;Applied to me to some degree, or some of the time;Did not apply to me at all;Applied to me to some degree, or some of the time;Applied to me to some degree, or some of the time;Did not apply to me at all;Did not apply to me at all;Did not apply to me at all;Applied to me to some degree, or some of the time;Did not apply to me at all;Applied to me to a considerable degree or a good part of time;Did not apply to me at all;Did not apply to me at all;Applied to me to some degree, or some of the time;Applied to me to some degree, or some of the time;Applied to me to a considerable degree or a good part of time;Did not apply to me at all;Applied to me to some degree, or some of the time
5th;21;5,6;56;Female;Islam;Urban;Rented House or Mess;Nuclear;1 big sister ;Service Holder;House Wife;Neural;3,1;1-3 hours;7-9 hours;Single;No;Offen;No;No;No;Neutral;Neutral;I have had a plan at least once to kill myself and really wanted to die;Rarely (1 time);Yes, more than once, but did not want to do it;Never;Dissatisfied;Very Much Interfering;Somewhat;Barely;Applied to me very much or most of the time;Applied to me to some degree, or some of the time;Did not apply to me at all;Did not apply to me at all;Did not apply to me at all;Applied to me very much or most of the time;Did not apply to me at all;Did not apply to me at all;Did not apply to me at all;Did not apply to me at all;Did not apply to me at all;Did not apply to me at all;Applied to me very much or most of the time;Applied to me to a considerable degree or a good part of time;Applied to me to a considerable degree or a good part of time;Applied to me to a considerable degree or a good part of time;Applied to me to a considerable degree or a good part of time;Applied to me to a considerable degree or a good part of time;Did not apply to me at all;Applied to me to a considerable degree or a good part of time;Applied to me to a considerable degree or a good part of time
6th;24;5 feet 9 inch;80kg;Male;Islam;Urban;Own House;Nuclear;2;Service Holder;House Wife;Agree;2,85;1-3 hours;1-3 hours;Single;Yes;Offen;yes;yes;Acting ;Agree;Agree;I have attempted to kill myself, and really hoped to die;Rarely (1 time);No;Unlikely;Dissatisfied;A little;Somewhat;Very Much;Did not apply to me at all;Applied to me to some degree, or some of the time;Applied to me to some degree, or some of the time;Applied to me to some degree, or some of the time;Applied to me to some degree, or some of the time;Applied to me to a considerable degree or a good part of time;Applied to me to a considerable degree or a good part of time;Did not apply to me at all;Applied to me to a considerable degree or a good part of time;Applied to me to a considerable degree or a good part of time;Applied to me to a considerable degree or a good part of time;Did not apply to me at all;Applied to me to some degree, or some of the time;Applied to me very much or most of the time;Applied to me very much or most of the time;Applied to me very much or most of the time;Applied to me to a considerable degree or a good part of time;Applied to me to some degree, or some of the time;Applied to me to some degree, or some of the time;Applied to me to some degree, or some of the time;Did not apply to me at all
5th;23;5,4;57kg;Male;Islam;Rural;Rented House or Mess;Nuclear;2;Business;House Wife;Agree;3,63;1-3 hours;4-6 hours;Single;No;Regularly;yes;No;Nothing;Agree;Neutral;Never;Never;No;Never;Satisfied;A little;Not at all Noticeable;Barely;Applied to me to some degree, or some of the time;Applied to me to some degree, or some of the time;Applied to me to a considerable degree or a good part of time;Applied to me to some degree, or some of the time;Applied to me to some degree, or some of the time;Applied to me to some degree, or some of the time;Applied to me to a considerable degree or a good part of time;Applied to me to some degree, or some of the time;Applied to me to a considerable degree or a good part of time;Applied to me very much or most of the time;Applied to me to some degree, or some of the time;Applied to me to some degree, or some of the time;Applied to me to some degree, or some of the time;Applied to me to some degree, or some of the time;Applied to me to some degree, or some of the time;Applied to me to some degree, or some of the time;Applied to me very much or most of the time;Applied to me to some degree, or some of the time;Applied to me to some degree, or some of the time;Did not apply to me at all;Applied to me very much or most of the time
4th;20;5,4;57;Female;Islam;Urban;Rented House or Mess;Join or Extended;1;Others;House Wife;Agree;3,65;1-3 hours;1-3 hours;Engaged;No;Regularly;yes;yes;Panting ;Dis-agree;Strongly-agree;Never;Rarely (1 time);No;No chance at all;Dissatisfied;Somewhat;Not at all Noticeable;Barely;Did not apply to me at all;Applied to me very much or most of the time;Did not apply to me at all;Applied to me very much or most of the time;Applied to me very much or most of the time;Applied to me very much or most of the time;Applied to me to some degree, or some of the time;Applied to me very much or most of the time;Applied to me to a considerable degree or a good part of time;Applied to me very much or most of the time;Did not apply to me at all;Applied to me very much or most of the time;Applied to me very much or most of the time;Applied to me very much or most of the time;Did not apply to me at all;Did not apply to me at all;Did not apply to me at all;Did not apply to me at all;Applied to me very much or most of the time;Applied to me very much or most of the time;Did not apply to me at all
7;21;5,11;75;Male;Islam;Urban;Rented House or Mess;Nuclear;2;Service Holder;Others;Strongly-disagree;3;1-3 hours;1-3 hours;Engaged;No;Offen;No;yes;Art;Strongly_disagree;Strongly-disagree;Never;Never;No;Never;Very Satisfied;Not at all Interfering;Not at all Noticeable;Not at all;Did not apply to me at all;Did not apply to me at all;Did not apply to me at all;Did not apply to me at all;Did not apply to me at all;Did not apply to me at all;Did not apply to me at all;Did not apply to me at all;Did not apply to me at all;Did not apply to me at all;Did not apply to me at all;Did not apply to me at all;Did not apply to me at all;Did not apply to me at all;Did not apply to me at all;Did not apply to me at all;Did not apply to me at all;Did not apply to me at all;Did not apply to me at all;Did not apply to me at all;Did not apply to me at all
5th;22;5,3;54;Male;Islam;Urban;Rented House or Mess;Nuclear;2;Service Holder;Service Holder;Agree;3;1-3 hours;1-3 hours;Single;No;Offen;yes;yes;Technical and project manager in KISENTH (Charity hospital), hult prize, CEO of Elysian Elegance (clothing business), CEO of Decolux (home decor product);Strongly_disagree;Agree;Never;Never;No;Never;Satisfied;Not at all Interfering;Not at all Noticeable;Not at all;Did not apply to me at all;Did not apply to me at all;Did not apply to me at all;Did not apply to me at all;Did not apply to me at all;Applied to me to some degree, or some of the time;Did not apply to me at all;Did not apply to me at all;Did not apply to me at all;Did not apply to me at all;Did not apply to me at all;Did not apply to me at all;Did not apply to me at all;Did not apply to me at all;Did not apply to me at all;Did not apply to me at all;Did not apply to me at all;Did not apply to me at all;Did not apply to me at all;Did not apply to me at all;Did not apply to me at all
12;25;5,6;71;Male;Islam;Rural;Hall;Nuclear;2;Service Holder;House Wife;Neural;2,5;1-3 hours;4-6 hours;Single;Yes;Offen;yes;No;I don't have any extra curricular activities.;Neutral;Neutral;Never;Never;No;Never;Moderately Satisfied;Not at all Interfering;Not at all Noticeable;Not at all;Did not apply to me at all;Did not apply to me at all;Did not apply to me at all;Did not apply to me at all;Did not apply to me at all;Did not apply to me at all;Did not apply to me at all;Did not apply to me at all;Did not apply to me at all;Did not apply to me at all;Did not apply to me at all;Did not apply to me at all;Did not apply to me at all;Did not apply to me at all;Did not apply to me at all;Did not apply to me at all;Did not apply to me at all;Did not apply to me at all;Did not apply to me at all;Did not apply to me at all;Did not apply to me at all
6th;22;5.6 feet;74;Male;Islam;Urban;Own House;Nuclear;2;Business;House Wife;Agree;2,6;1-3 hours;1-3 hours;Single;No;Offen;yes;No;yes;Dis-agree;Strongly-agree;Never;Never;No;Never;Dissatisfied;A little;Not at all Noticeable;Not at all;Did not apply to me at all;Did not apply to me at all;Applied to me very much or most of the time;Applied to me to a considerable degree or a good part of time;Did not apply to me at all;Did not apply to me at all;Did not apply to me at all;Did not apply to me at all;Did not apply to me at all;Did not apply to me at all;Did not apply to me at all;Did not apply to me at all;Did not apply to me at all;Did not apply to me at all;Did not apply to me at all;Did not apply to me at all;Did not apply to me at all;Did not apply to me at all;Did not apply to me at all;Did not apply to me at all;Did not apply to me at all
4th;22;"5'8""";70;Male;Islam;Urban;Rented House or Mess;Join or Extended;1;Others;House Wife;Strongly-agree;3,5;1-3 hours;4-6 hours;Single;No;Offen;No;yes;Hult Prize Organizing Committee, Campus Radio mainatain as a CEO;Dis-agree;Neutral;I have had a plan at least once to kill myself but did not try to do it;Sometimes (2 times);No;Rather Unlikely;Dissatisfied;Very Much Interfering;Much;Much;Did not apply to me at all;Applied to me to some degree, or some of the time;Applied to me to some degree, or some of the time;Applied to me to some degree, or some of the time;Applied to me to some degree, or some of the time;Applied to me to some degree, or some of the time;Applied to me to some degree, or some of the time;Applied to me to some degree, or some of the time;Applied to me to some degree, or some of the time;Applied to me to some degree, or some of the time;Applied to me to some degree, or some of the time;Applied to me to some degree, or some of the time;Applied to me to some degree, or some of the time;Applied to me to some degree, or some of the time;Applied to me to some degree, or some of the time;Applied to me to some degree, or some of the time;Applied to me to some degree, or some of the time;Did not apply to me at all;Did not apply to me at all;Applied to me to some degree, or some of the time;Applied to me to some degree, or some of the time
6th;20;5 feet 10 inch;62 kg;Male;Islam;Urban;Rented House or Mess;Nuclear;1;Service Holder;Service Holder;Strongly-agree;3;4-6 hours;1-3 hours;Single;No;Offen;yes;yes;Learning new Technologies, Treading, Sports.;Agree;Agree;Never;Never;No;Never;Dissatisfied;Much;Much;Much;Applied to me to a considerable degree or a good part of time;Applied to me to a considerable degree or a good part of time;Applied to me to some degree, or some of the time;Did not apply to me at all;Applied to me to some degree, or some of the time;Applied to me to a considerable degree or a good part of time;Did not apply to me at all;Applied to me to some degree, or some of the time;Applied to me to some degree, or some of the time;Did not apply to me at all;Applied to me to some degree, or some of the time;Did not apply to me at all;Applied to me to a considerable degree or a good part of time;Applied to me to a considerable degree or a good part of time;Did not apply to me at all;Applied to me to a considerable degree or a good part of time;Applied to me to some degree, or some of the time;Did not apply to me at all;Applied to me to some degree, or some of the time;Did not apply to me at all;Applied to me to some degree, or some of the time
4th;23;5.6ft;63;Male;Islam;Urban;Own House;Nuclear;3;Business;House Wife;Strongly-agree;3,2;1-3 hours;4-6 hours;Single;Yes;Offen;yes;yes;Tutions;Agree;Agree;Never;Never;No;Likely;Dissatisfied;A little;Much;Somewhat;Did not apply to me at all;Did not apply to me at all;Applied to me to a considerable degree or a good part of time;Did not apply to me at all;Applied to me to some degree, or some of the time;Applied to me to a considerable degree or a good part of time;Applied to me very much or most of the time;Applied to me to a considerable degree or a good part of time;Applied to me to some degree, or some of the time;Applied to me to some degree, or some of the time;Applied to me to some degree, or some of the time;Did not apply to me at all;Applied to me to some degree, or some of the time;Applied to me very much or most of the time;Applied to me very much or most of the time;Applied to me very much or most of the time;Applied to me very much or most of the time;Did not apply to me at all;Applied to me to a considerable degree or a good part of time;Applied to me to a considerable degree or a good part of time;Applied to me very much or most of the time
5th;23;5.4 feet;40;Male;Islam;Urban;Rented House or Mess;Nuclear;0;Others;House Wife;Agree;3,1;1-3 hours;1-3 hours;Single;No;Rarely;yes;yes;cricket,football, badminton ;Neutral;Neutral;Never;Never;No;Never;Satisfied;A little;Not at all Noticeable;Not at all;Applied to me to some degree, or some of the time;Did not apply to me at all;Applied to me to some degree, or some of the time;Did not apply to me at all;Did not apply to me at all;Did not apply to me at all;Did not apply to me at all;Applied to me to some degree, or some of the time;Did not apply to me at all;Applied to me to a considerable degree or a good part of time;Applied to me to some degree, or some of the time;Did not apply to me at all;Did not apply to me at all;Did not apply to me at all;Applied to me to some degree, or some of the time;Did not apply to me at all;Applied to me to some degree, or some of the time;Did not apply to me at all;Did not apply to me at all;Did not apply to me at all;Did not apply to me at all
5th;22;5,8;55;Male;Islam;Urban;Own House;Nuclear;1;Business;House Wife;Agree;3,19;1-3 hours;4-6 hours;Single;Yes;Offen;yes;yes;singing;Neutral;Strongly-agree;Never;Never;No;Never;Moderately Satisfied;Much;Much;Much;Applied to me to some degree, or some of the time;Applied to me to some degree, or some of the time;Did not apply to me at all;Applied to me to some degree, or some of the time;Applied to me to some degree, or some of the time;Applied to me to some degree, or some of the time;Applied to me to some degree, or some of the time;Applied to me to some degree, or some of the time;Applied to me to some degree, or some of the time;Applied to me to some degree, or some of the time;Applied to me to some degree, or some of the time;Applied to me to some degree, or some of the time;Applied to me to some degree, or some of the time;Applied to me to some degree, or some of the time;Applied to me to some degree, or some of the time;Applied to me to a considerable degree or a good part of time;Applied to me to a considerable degree or a good part of time;Applied to me to a considerable degree or a good part of time;Applied to me to a considerable degree or a good part of time;Did not apply to me at all;Applied to me to a considerable degree or a good part of time
4th;21;5 feet 11 inch;84;Male;Islam;Urban;Own House;Nuclear;2;Others;Others;Agree;3,65;1-3 hours;1-3 hours;Single;No;Regularly;No;yes;Gym;Dis-agree;Strongly-agree;Never;Never;No;Never;Very Satisfied;Not at all Interfering;Not at all Noticeable;Not at all;Did not apply to me at all;Did not apply to me at all;Applied to me very much or most of the time;Did not apply to me at all;Applied to me to a considerable degree or a good part of time;Did not apply to me at all;Applied to me to some degree, or some of the time;Applied to me to some degree, or some of the time;Applied to me to some degree, or some of the time;Applied to me to some degree, or some of the time;Applied to me to some degree, or some of the time;Applied to me to some degree, or some of the time;Applied to me to some degree, or some of the time;Applied to me to some degree, or some of the time;Applied to me to some degree, or some of the time;Did not apply to me at all;Applied to me to a considerable degree or a good part of time;Applied to me to some degree, or some of the time;Applied to me to some degree, or some of the time;Applied to me to some degree, or some of the time;Applied to me to some degree, or some of the time
5th;23;5,3;47;Female;Islam;Urban;Rented House or Mess;Nuclear;1;Others;House Wife;Strongly-agree;3,56;1-3 hours;4-6 hours;Single;No;Offen;yes;yes;Dance;Neutral;Agree;I have had a plan at least once to kill myself and really wanted to die;Sometimes (2 times);Yes, more than once, but did not want to do it;Rather Unlikely;Dissatisfied;Somewhat;Somewhat;Much;Applied to me to some degree, or some of the time;Did not apply to me at all;Did not apply to me at all;Did not apply to me at all;Did not apply to me at all;Did not apply to me at all;Did not apply to me at all;Did not apply to me at all;Did not apply to me at all;Did not apply to me at all;Did not apply to me at all;Did not apply to me at all;Did not apply to me at all;Did not apply to me at all;Did not apply to me at all;Did not apply to me at all;Did not apply to me at all;Did not apply to me at all;Did not apply to me at all;Did not apply to me at all;Did not apply to me at all
13;26;5 feet 6 inches;60 kg;Male;Islam;Rural;Own House;Nuclear;2;Business;House Wife;Agree;2,93;1-3 hours;1-3 hours;Single;No;Offen;No;No;Nothing ;Strongly_disagree;Strongly-disagree;Never;Rarely (1 time);No;Never;Dissatisfied;Much;Barely;Very Much;Did not apply to me at all;Applied to me to some degree, or some of the time;Applied to me to some degree, or some of the time;Applied to me very much or most of the time;Applied to me to some degree, or some of the time;Did not apply to me at all;Applied to me to some degree, or some of the time;Applied to me to a considerable degree or a good part of time;Applied to me to some degree, or some of the time;Applied to me to a considerable degree or a good part of time;Did not apply to me at all;Did not apply to me at all;Applied to me to some degree, or some of the time;Applied to me to some degree, or some of the time;Applied to me to some degree, or some of the time;Applied to me to some degree, or some of the time;Applied to me to some degree, or some of the time;Did not apply to me at all;Applied to me to some degree, or some of the time;Applied to me to some degree, or some of the time;Applied to me to a considerable degree or a good part of time
5th;22;5,8;60;Male;Islam;Rural;Rented House or Mess;Nuclear;1;Others;House Wife;Agree;3;1-3 hours;1-3 hours;Single;No;Offen;yes;yes;photography, debating ;Neutral;Neutral;Never;Never;No;Never;Satisfied;A little;Barely;Barely;Did not apply to me at all;Did not apply to me at all;Did not apply to me at all;Did not apply to me at all;Did not apply to me at all;Did not apply to me at all;Did not apply to me at all;Did not apply to me at all;Did not apply to me at all;Did not apply to me at all;Did not apply to me at all;Did not apply to me at all;Did not apply to me at all;Did not apply to me at all;Did not apply to me at all;Did not apply to me at all;Did not apply to me at all;Did not apply to me at all;Did not apply to me at all;Did not apply to me at all;Did not apply to me at all
4th;21;5 feet 8 inch;65 Kg;Male;Islam;Urban;Rented House or Mess;Nuclear;2;Others;House Wife;Agree;3,26;1-3 hours;4-6 hours;Single;No;Rarely;yes;No;Nothing;Neutral;Agree;Never;Rarely (1 time);Yes, at one time, but did not really want to die;Rather Unlikely;Satisfied;Not at all Interfering;Much;Not at all;Did not apply to me at all;Did not apply to me at all;Applied to me to some degree, or some of the time;Did not apply to me at all;Applied to me to some degree, or some of the time;Did not apply to me at all;Did not apply to me at all;Did not apply to me at all;Did not apply to me at all;Did not apply to me at all;Did not apply to me at all;Did not apply to me at all;Did not apply to me at all;Did not apply to me at all;Did not apply to me at all;Did not apply to me at all;Did not apply to me at all;Did not apply to me at all;Did not apply to me at all;Did not apply to me at all;Did not apply to me at all
5th;21;5'3;60;Female;Islam;Urban;Own House;Nuclear;3;Business;House Wife;Strongly-agree;3,05;1-3 hours;1-3 hours;Single;No;Regularly;yes;No;no;Neutral;Agree;Never;Rarely (1 time);No;No chance at all;Dissatisfied;A little;Not at all Noticeable;Barely;Did not apply to me at all;Did not apply to me at all;Applied to me to some degree, or some of the time;Did not apply to me at all;Did not apply to me at all;Did not apply to me at all;Did not apply to me at all;Applied to me to some degree, or some of the time;Applied to me to some degree, or some of the time;Applied to me to some degree, or some of the time;Did not apply to me at all;Applied to me to some degree, or some of the time;Did not apply to me at all;Did not apply to me at all;Applied to me very much or most of the time;Did not apply to me at all;Applied to me very much or most of the time;Did not apply to me at all;Did not apply to me at all;Applied to me very much or most of the time;Applied to me to a considerable degree or a good part of time
4th;21;"5'8""";63;Male;Islam;Rural;Rented House or Mess;Nuclear;3;Farmer;House Wife;Strongly-agree;3,61;1-3 hours;1-3 hours;Single;No;Offen;yes;yes;That are problem solving in some websites and watching YouTube for learning programming ;Neutral;Neutral;Never;Never;No;Never;Moderately Satisfied;Much;Somewhat;Much;Applied to me to some degree, or some of the time;Applied to me to some degree, or some of the time;Applied to me to some degree, or some of the time;Applied to me to some degree, or some of the time;Applied to me to some degree, or some of the time;Applied to me to some degree, or some of the time;Applied to me to some degree, or some of the time;Applied to me to some degree, or some of the time;Applied to me to some degree, or some of the time;Applied to me to some degree, or some of the time;Applied to me to some degree, or some of the time;Applied to me to some degree, or some of the time;Applied to me to some degree, or some of the time;Applied to me to some degree, or some of the time;Applied to me to some degree, or some of the time;Applied to me to some degree, or some of the time;Applied to me to some degree, or some of the time;Applied to me to some degree, or some of the time;Applied to me to some degree, or some of the time;Did not apply to me at all;Did not apply to me at all
5th;22;5 feet 4 inch;77kg;Male;Islam;Urban;Own House;Nuclear;1;Service Holder;House Wife;Strongly-agree;2,95;1-3 hours;1-3 hours;Single;No;Offen;yes;No;no;Agree;Agree;Never;Never;No;Never;Moderately Satisfied;A little;Not at all Noticeable;Not at all;Did not apply to me at all;Did not apply to me at all;Did not apply to me at all;Did not apply to me at all;Did not apply to me at all;Did not apply to me at all;Did not apply to me at all;Did not apply to me at all;Did not apply to me at all;Did not apply to me at all;Did not apply to me at all;Did not apply to me at all;Did not apply to me at all;Did not apply to me at all;Did not apply to me at all;Did not apply to me at all;Did not apply to me at all;Did not apply to me at all;Did not apply to me at all;Did not apply to me at all;Did not apply to me at all
14;24;5 feet 2 inches ;56;Female;Islam;Urban;Rented House or Mess;Nuclear;1;Business;House Wife;Agree;3,2;4-6 hours;4-6 hours;Married;No;Regularly;yes;No;Nothing;Agree;Neutral;Never;Never;No;Never;Moderately Satisfied;A little;Somewhat;Not at all;Applied to me to a considerable degree or a good part of time;Applied to me to a considerable degree or a good part of time;Applied to me to a considerable degree or a good part of time;Applied to me to a considerable degree or a good part of time;Applied to me to a considerable degree or a good part of time;Applied to me to a considerable degree or a good part of time;Applied to me to a considerable degree or a good part of time;Applied to me to a considerable degree or a good part of time;Applied to me to a considerable degree or a good part of time;Applied to me to a considerable degree or a good part of time;Applied to me to a considerable degree or a good part of time;Applied to me to a considerable degree or a good part of time;Applied to me to a considerable degree or a good part of time;Applied to me to a considerable degree or a good part of time;Applied to me to a considerable degree or a good part of time;Applied to me to a considerable degree or a good part of time;Applied to me to a considerable degree or a good part of time;Applied to me to a considerable degree or a good part of time;Applied to me to a considerable degree or a good part of time;Applied to me to a considerable degree or a good part of time;Applied to me to a considerable degree or a good part of time
5th;23;"5'6""";85;Female;Islam;Urban;Rented House or Mess;Nuclear;1;Others;House Wife;Agree;2,9;1-3 hours;1-3 hours;Single;No;Rarely;No;No;No;Strongly_disagree;Agree;Never;Never;No;Never;Satisfied;A little;Very Much Noticeable;Not at all;Did not apply to me at all;Did not apply to me at all;Did not apply to me at all;Did not apply to me at all;Did not apply to me at all;Did not apply to me at all;Did not apply to me at all;Applied to me to some degree, or some of the time;Applied to me to some degree, or some of the time;Did not apply to me at all;Did not apply to me at all;Did not apply to me at all;Did not apply to me at all;Did not apply to me at all;Did not apply to me at all;Did not apply to me at all;Did not apply to me at all;Did not apply to me at all;Did not apply to me at all;Applied to me very much or most of the time;Did not apply to me at all
5th;23;"5'8""";50;Male;Islam;Rural;Rented House or Mess;Nuclear;2;Business;House Wife;Strongly-agree;Yes;4-6 hours;1-3 hours;Single;No;Regularly;yes;yes;Singing;Agree;Strongly-agree;Never;Never;No;Never;Satisfied;A little;Not at all Noticeable;Not at all;Did not apply to me at all;Did not apply to me at all;Did not apply to me at all;Did not apply to me at all;Did not apply to me at all;Did not apply to me at all;Did not apply to me at all;Did not apply to me at all;Applied to me very much or most of the time;Did not apply to me at all;Did not apply to me at all;Did not apply to me at all;Did not apply to me at all;Did not apply to me at all;Applied to me very much or most of the time;Did not apply to me at all;Did not apply to me at all;Did not apply to me at all;Did not apply to me at all;Did not apply to me at all;Did not apply to me at all
4th;22;"5'6""";56kg;Female;Islam;Rural;Rented House or Mess;Join or Extended;2;Service Holder;House Wife;Strongly-agree;2,85;1-3 hours;4-6 hours;Single;No;Regularly;yes;No;I think my subject related job gets enough social value in our country ;Agree;Agree;Never;Never;No;Never;Dissatisfied;A little;Not at all Noticeable;Not at all;Did not apply to me at all;Did not apply to me at all;Did not apply to me at all;Did not apply to me at all;Applied to me to some degree, or some of the time;Applied to me to some degree, or some of the time;Applied to me to some degree, or some of the time;Applied to me to some degree, or some of the time;Did not apply to me at all;Applied to me to some degree, or some of the time;Did not apply to me at all;Did not apply to me at all;Applied to me to some degree, or some of the time;Did not apply to me at all;Applied to me to some degree, or some of the time;Applied to me to some degree, or some of the time;Applied to me to some degree, or some of the time;Did not apply to me at all;Did not apply to me at all;Did not apply to me at all;Did not apply to me at all
8th;23;5ft 3;53;Female;Islam;Urban;Rented House or Mess;Nuclear;2;Business;House Wife;Strongly-agree;2,8;1-3 hours;1-3 hours;Married;No;Offen;No;No;no;Agree;Agree;Never;Never;No;Never;Satisfied;A little;Barely;Not at all;Did not apply to me at all;Did not apply to me at all;Applied to me very much or most of the time;Applied to me to a considerable degree or a good part of time;Applied to me to a considerable degree or a good part of time;Applied to me very much or most of the time;Applied to me very much or most of the time;Applied to me to a considerable degree or a good part of time;Applied to me to a considerable degree or a good part of time;Applied to me to a considerable degree or a good part of time;Applied to me to a considerable degree or a good part of time;Applied to me to some degree, or some of the time;Applied to me very much or most of the time;Applied to me to a considerable degree or a good part of time;Applied to me to a considerable degree or a good part of time;Applied to me to a considerable degree or a good part of time;Did not apply to me at all;Did not apply to me at all;Did not apply to me at all;Applied to me to a considerable degree or a good part of time;Applied to me to some degree, or some of the time
5th;23;5feet 8inch;80;Male;Islam;Urban;Rented House or Mess;Join or Extended;2;Others;House Wife;Agree;3;1-3 hours;4-6 hours;Single;No;Rarely;yes;yes;Playing Basketball , Volunteer ;Agree;Agree;Never;Never;No;Never;Dissatisfied;Much;Much;Much;Applied to me to some degree, or some of the time;Applied to me to some degree, or some of the time;Did not apply to me at all;Did not apply to me at all;Did not apply to me at all;Applied to me to some degree, or some of the time;Did not apply to me at all;Applied to me to some degree, or some of the time;Applied to me to some degree, or some of the time;Applied to me to some degree, or some of the time;Did not apply to me at all;Applied to me to some degree, or some of the time;Applied to me to some degree, or some of the time;Did not apply to me at all;Did not apply to me at all;Did not apply to me at all;Did not apply to me at all;Did not apply to me at all;Did not apply to me at all;Did not apply to me at all;Did not apply to me at all
7th;21;5 feet 6 inch;50;Male;Islam;Rural;Rented House or Mess;Nuclear;2;Others;House Wife;Neural;2,75;1-3 hours;1-3 hours;Single;Yes;Offen;No;yes;Bug Bounty and Trading;Dis-agree;Agree;I have had a plan at least once to kill myself and really wanted to die;Sometimes (2 times);No;Unlikely;Dissatisfied;Much;Much;Barely;Did not apply to me at all;Did not apply to me at all;Did not apply to me at all;Applied to me to some degree, or some of the time;Applied to me to a considerable degree or a good part of time;Did not apply to me at all;Did not apply to me at all;Applied to me to some degree, or some of the time;Did not apply to me at all;Applied to me to a considerable degree or a good part of time;Did not apply to me at all;Did not apply to me at all;Applied to me to some degree, or some of the time;Applied to me to a considerable degree or a good part of time;Did not apply to me at all;Applied to me very much or most of the time;Applied to me to a considerable degree or a good part of time;Applied to me very much or most of the time;Did not apply to me at all;Applied to me to a considerable degree or a good part of time;Applied to me to a considerable degree or a good part of time
5th;24;5feet;44;Female;Islam;Rural;Rented House or Mess;Join or Extended;4;Business;House Wife;Strongly-agree;2,76;1-3 hours;1-3 hours;Single;No;Regularly;yes;No;Nothing;Neutral;Neutral;Never;Never;No;Never;Moderately Satisfied;A little;Not at all Noticeable;Not at all;Did not apply to me at all;Did not apply to me at all;Did not apply to me at all;Did not apply to me at all;Did not apply to me at all;Applied to me to some degree, or some of the time;Applied to me to some degree, or some of the time;Did not apply to me at all;Applied to me to some degree, or some of the time;Applied to me to some degree, or some of the time;Applied to me to some degree, or some of the time;Did not apply to me at all;Did not apply to me at all;Did not apply to me at all;Did not apply to me at all;Did not apply to me at all;Applied to me to some degree, or some of the time;Did not apply to me at all;Did not apply to me at all;Did not apply to me at all;Applied to me to some degree, or some of the time
4th;20;5,7;184;Male;Islam;Rural;Own House;Nuclear;2;Business;House Wife;Agree;3,5;1-3 hours;1-3 hours;Single;No;Offen;yes;No;No;Agree;Agree;It was just a brief passing thought;Rarely (1 time);No;Never;Satisfied;A little;Barely;Barely;Applied to me to some degree, or some of the time;Did not apply to me at all;Did not apply to me at all;Applied to me to a considerable degree or a good part of time;Applied to me to some degree, or some of the time;Applied to me to some degree, or some of the time;Applied to me to some degree, or some of the time;Applied to me to some degree, or some of the time;Applied to me to a considerable degree or a good part of time;Applied to me to some degree, or some of the time;Applied to me to a considerable degree or a good part of time;Applied to me to some degree, or some of the time;Applied to me to some degree, or some of the time;Applied to me to a considerable degree or a good part of time;Applied to me to a considerable degree or a good part of time;Applied to me to some degree, or some of the time;Applied to me to a considerable degree or a good part of time;Applied to me to some degree, or some of the time;Did not apply to me at all;Did not apply to me at all;Applied to me to some degree, or some of the time
5th;20;5.6 feet;67kg;Male;Islam;Rural;Rented House or Mess;Nuclear;0;Farmer;House Wife;Agree;3,47;1-3 hours;4-6 hours;Single;No;Regularly;No;yes;Teakwondo;Agree;Agree;Never;Never;No;Never;Moderately Satisfied;A little;Much;Not at all;Applied to me to a considerable degree or a good part of time;Applied to me to some degree, or some of the time;Did not apply to me at all;Applied to me to a considerable degree or a good part of time;Applied to me to a considerable degree or a good part of time;Applied to me to a considerable degree or a good part of time;Did not apply to me at all;Applied to me to a considerable degree or a good part of time;Applied to me to a considerable degree or a good part of time;Did not apply to me at all;Applied to me to a considerable degree or a good part of time;Applied to me to a considerable degree or a good part of time;Applied to me to some degree, or some of the time;Did not apply to me at all;Did not apply to me at all;Applied to me to a considerable degree or a good part of time;Applied to me to a considerable degree or a good part of time;Did not apply to me at all;Applied to me to a considerable degree or a good part of time;Did not apply to me at all;Applied to me to some degree, or some of the time
12th;24;4 feet 11 inches ;56;Female;Islam;Urban;Rented House or Mess;Nuclear;0;Others;House Wife;Dis-agree;2,78;4-6 hours;1-3 hours;Single;No;Offen;No;No;No;Strongly-agree;Neutral;I have had a plan at least once to kill myself and really wanted to die;Rarely (1 time);No;No chance at all;Dissatisfied;Much;Somewhat;Barely;Applied to me to some degree, or some of the time;Applied to me very much or most of the time;Applied to me to some degree, or some of the time;Applied to me very much or most of the time;Did not apply to me at all;Applied to me very much or most of the time;Applied to me to a considerable degree or a good part of time;Applied to me to a considerable degree or a good part of time;Applied to me to some degree, or some of the time;Applied to me to some degree, or some of the time;Applied to me to a considerable degree or a good part of time;Applied to me to some degree, or some of the time;Applied to me to some degree, or some of the time;Did not apply to me at all;Applied to me to a considerable degree or a good part of time;Did not apply to me at all;Applied to me to a considerable degree or a good part of time;Applied to me to a considerable degree or a good part of time;Applied to me to some degree, or some of the time;Applied to me to a considerable degree or a good part of time;Did not apply to me at all
8th;24;5”6’;69;Male;Islam;Urban;Rented House or Mess;Join or Extended;4;Service Holder;House Wife;Dis-agree;2,5;1-3 hours;1-3 hours;Engaged;Yes;Regularly;yes;No;Nothing;Neutral;Agree;I have had a plan at least once to kill myself and really wanted to die;Sometimes (2 times);No;Never;Very Dissatisfied;Somewhat;Not at all Noticeable;Barely;Applied to me to a considerable degree or a good part of time;Did not apply to me at all;Applied to me to some degree, or some of the time;Applied to me to a considerable degree or a good part of time;Applied to me to some degree, or some of the time;Did not apply to me at all;Did not apply to me at all;Did not apply to me at all;Applied to me to some degree, or some of the time;Did not apply to me at all;Applied to me to some degree, or some of the time;Applied to me very much or most of the time;Applied to me to some degree, or some of the time;Applied to me to some degree, or some of the time;Applied to me to some degree, or some of the time;Applied to me to some degree, or some of the time;Applied to me to some degree, or some of the time;Did not apply to me at all;Applied to me to some degree, or some of the time;Applied to me very much or most of the time;Did not apply to me at all
4th;21;5 feet 5 inches;62 kg;Male;Islam;Rural;Own House;Nuclear;3 Brothers;Others;House Wife;Strongly-agree;3,85;4-6 hours;1-3 hours;Single;No;Offen;yes;No;Online m;Strongly-agree;Strongly-agree;It was just a brief passing thought;Rarely (1 time);No;No chance at all;Very Satisfied;A little;Not at all Noticeable;Not at all;Did not apply to me at all;Did not apply to me at all;Applied to me to some degree, or some of the time;Did not apply to me at all;Applied to me to some degree, or some of the time;Applied to me to a considerable degree or a good part of time;Did not apply to me at all;Did not apply to me at all;Applied to me to some degree, or some of the time;Did not apply to me at all;Applied to me to some degree, or some of the time;Applied to me to a considerable degree or a good part of time;Did not apply to me at all;Did not apply to me at all;Applied to me to some degree, or some of the time;Applied to me to some degree, or some of the time;Did not apply to me at all;Did not apply to me at all;Applied to me to a considerable degree or a good part of time;Did not apply to me at all;Applied to me very much or most of the time
4th;22;5,5;50;Female;Islam;Rural;Rented House or Mess;Nuclear;4;Business;House Wife;Strongly-agree;3,2;4-6 hours;4-6 hours;Single;No;Regularly;No;No;No;Agree;Neutral;Never;Never;No;No chance at all;Moderately Satisfied;A little;Barely;Barely;Applied to me to some degree, or some of the time;Did not apply to me at all;Applied to me very much or most of the time;Applied to me to some degree, or some of the time;Applied to me to some degree, or some of the time;Applied to me to a considerable degree or a good part of time;Applied to me very much or most of the time;Applied to me very much or most of the time;Applied to me very much or most of the time;Applied to me to some degree, or some of the time;Applied to me to some degree, or some of the time;Applied to me to some degree, or some of the time;Applied to me to some degree, or some of the time;Applied to me to some degree, or some of the time;Applied to me to a considerable degree or a good part of time;Applied to me to a considerable degree or a good part of time;Applied to me to a considerable degree or a good part of time;Applied to me to some degree, or some of the time;Applied to me to a considerable degree or a good part of time;Applied to me to a considerable degree or a good part of time;Applied to me to a considerable degree or a good part of time
5th;22;5.7 feet;52;Male;Islam;Urban;Rented House or Mess;Join or Extended;3;Service Holder;House Wife;Agree;2,85;1-3 hours;4-6 hours;Single;No;Offen;yes;No;no;Dis-agree;Neutral;Never;Never;No;Never;Dissatisfied;Not at all Interfering;Very Much Noticeable;Very Much;Applied to me very much or most of the time;Did not apply to me at all;Did not apply to me at all;Applied to me to some degree, or some of the time;Applied to me very much or most of the time;Did not apply to me at all;Did not apply to me at all;Did not apply to me at all;Applied to me to some degree, or some of the time;Applied to me to some degree, or some of the time;Applied to me to some degree, or some of the time;Did not apply to me at all;Applied to me to a considerable degree or a good part of time;Applied to me to some degree, or some of the time;Applied to me very much or most of the time;Did not apply to me at all;Did not apply to me at all;Did not apply to me at all;Did not apply to me at all;Applied to me very much or most of the time;Did not apply to me at all
8;23;5'6'';58;Male;Islam;Rural;Rented House or Mess;Nuclear;4;Business;House Wife;Strongly-agree;2,91;>=9 hours;1-3 hours;Single;No;Regularly;yes;yes;Problem Solving;Agree;Agree;Never;Never;No;Never;Satisfied;A little;Not at all Noticeable;Not at all;Did not apply to me at all;Applied to me to some degree, or some of the time;Did not apply to me at all;Applied to me to some degree, or some of the time;Did not apply to me at all;Did not apply to me at all;Applied to me to some degree, or some of the time;Did not apply to me at all;Did not apply to me at all;Did not apply to me at all;Applied to me to some degree, or some of the time;Applied to me to some degree, or some of the time;Did not apply to me at all;Did not apply to me at all;Applied to me to some degree, or some of the time;Did not apply to me at all;Did not apply to me at all;Did not apply to me at all;Did not apply to me at all;Did not apply to me at all;Applied to me to some degree, or some of the time
5th;23;5 feet 7 inch;85;Male;Islam;Urban;Rented House or Mess;Nuclear;01;Service Holder;House Wife;Agree;3,73;1-3 hours;1-3 hours;Single;No;Regularly;yes;No;no;Agree;dis-agree;Never;Never;No;Never;Very Dissatisfied;A little;Much;Much;Applied to me to some degree, or some of the time;Applied to me to some degree, or some of the time;Applied to me to some degree, or some of the time;Applied to me to some degree, or some of the time;Applied to me to some degree, or some of the time;Applied to me to some degree, or some of the time;Applied to me to some degree, or some of the time;Applied to me to some degree, or some of the time;Applied to me to some degree, or some of the time;Applied to me to some degree, or some of the time;Applied to me to some degree, or some of the time;Applied to me to some degree, or some of the time;Applied to me to some degree, or some of the time;Applied to me to some degree, or some of the time;Did not apply to me at all;Did not apply to me at all;Did not apply to me at all;Applied to me to some degree, or some of the time;Applied to me to some degree, or some of the time;Did not apply to me at all;Did not apply to me at all
9th ;24;5 feet 5 inch ;63 kg;Male;Islam;Rural;Own House;Join or Extended;6;Others;House Wife;Agree;2,09;1-3 hours;4-6 hours;Single;No;Regularly;yes;No;Cricket ;Dis-agree;Agree;Never;Never;No;Never;Very Dissatisfied;Very Much Interfering;Very Much Noticeable;Very Much;Applied to me very much or most of the time;Applied to me very much or most of the time;Applied to me very much or most of the time;Did not apply to me at all;Did not apply to me at all;Applied to me to some degree, or some of the time;Did not apply to me at all;Did not apply to me at all;Applied to me to some degree, or some of the time;Did not apply to me at all;Did not apply to me at all;Did not apply to me at all;Applied to me to some degree, or some of the time;Did not apply to me at all;Did not apply to me at all;Did not apply to me at all;Did not apply to me at all;Did not apply to me at all;Applied to me to some degree, or some of the time;Did not apply to me at all;Applied to me to some degree, or some of the time
8th;23;5feet 4inch;48kg;Female;Islam;Urban;Own House;Join or Extended;3;Service Holder;House Wife;Strongly-agree;3,1;1-3 hours;4-6 hours;Married;No;Offen;No;yes;I am working as deputy manager of student relationship wing in IITS;Agree;Agree;I have attempted to kill myself, but did not want to die;Sometimes (2 times);Yes, more than once, but did not want to do it;Never;Dissatisfied;Somewhat;Much;Much;Applied to me to a considerable degree or a good part of time;Applied to me to a considerable degree or a good part of time;Applied to me to some degree, or some of the time;Applied to me to a considerable degree or a good part of time;Applied to me to a considerable degree or a good part of time;Applied to me to a considerable degree or a good part of time;Applied to me to some degree, or some of the time;Applied to me to a considerable degree or a good part of time;Applied to me very much or most of the time;Applied to me very much or most of the time;Applied to me to a considerable degree or a good part of time;Applied to me to a considerable degree or a good part of time;Applied to me to some degree, or some of the time;Applied to me to some degree, or some of the time;Applied to me to a considerable degree or a good part of time;Applied to me to some degree, or some of the time;Applied to me to some degree, or some of the time;Applied to me to some degree, or some of the time;Applied to me to a considerable degree or a good part of time;Applied to me to some degree, or some of the time;Applied to me to a considerable degree or a good part of time
1720 batch;26;5'4;58;Male;Islam;Rural;Rented House or Mess;Nuclear;2;Others;House Wife;Strongly-agree;2,3;1-3 hours;1-3 hours;Single;No;Offen;No;No;No;Agree;Neutral;Never;Never;No;Never;Satisfied;A little;Barely;Not at all;Did not apply to me at all;Did not apply to me at all;Applied to me to some degree, or some of the time;Did not apply to me at all;Did not apply to me at all;Did not apply to me at all;Did not apply to me at all;Did not apply to me at all;Did not apply to me at all;Applied to me very much or most of the time;Applied to me to some degree, or some of the time;Did not apply to me at all;Did not apply to me at all;Applied to me to some degree, or some of the time;Did not apply to me at all;Did not apply to me at all;Did not apply to me at all;Applied to me to some degree, or some of the time;Applied to me to some degree, or some of the time;Did not apply to me at all;Did not apply to me at all
5th;22;4 feet 4 inches ;31kg;Female;Islam;Rural;Rented House or Mess;Nuclear;3 sisters ;Others;House Wife;Agree;3,2;4-6 hours;1-3 hours;Single;No;Regularly;yes;yes;Volunteer, scouting;Strongly_disagree;Agree;Never;Never;No;Never;Satisfied;A little;Not at all Noticeable;Not at all;Did not apply to me at all;Did not apply to me at all;Did not apply to me at all;Did not apply to me at all;Did not apply to me at all;Did not apply to me at all;Did not apply to me at all;Did not apply to me at all;Did not apply to me at all;Did not apply to me at all;Did not apply to me at all;Did not apply to me at all;Did not apply to me at all;Did not apply to me at all;Did not apply to me at all;Did not apply to me at all;Did not apply to me at all;Did not apply to me at all;Did not apply to me at all;Did not apply to me at all;Did not apply to me at all
5th;22;4feet5inch;50;Female;Islam;Urban;Own House;Join or Extended;2;Business;House Wife;Agree;2,75;1-3 hours;7-9 hours;Single;No;Rarely;yes;No;Nothing ;Dis-agree;Agree;Never;Never;No;Never;Satisfied;A little;Not at all Noticeable;Not at all;Did not apply to me at all;Did not apply to me at all;Did not apply to me at all;Did not apply to me at all;Did not apply to me at all;Did not apply to me at all;Did not apply to me at all;Applied to me to some degree, or some of the time;Applied to me to some degree, or some of the time;Did not apply to me at all;Applied to me to some degree, or some of the time;Did not apply to me at all;Applied to me to some degree, or some of the time;Applied to me to some degree, or some of the time;Applied to me to some degree, or some of the time;Did not apply to me at all;Applied to me to some degree, or some of the time;Did not apply to me at all;Did not apply to me at all;Applied to me to some degree, or some of the time;Did not apply to me at all
4th;21;5.8 feet;95;Male;Islam;Urban;Rented House or Mess;Nuclear;2;Business;House Wife;Strongly-agree;3,81;4-6 hours;1-3 hours;Single;No;Offen;yes;No;Chess game;Neutral;Agree;It was just a brief passing thought;Rarely (1 time);No;Never;Moderately Satisfied;A little;Barely;Not at all;Did not apply to me at all;Did not apply to me at all;Did not apply to me at all;Did not apply to me at all;Did not apply to me at all;Did not apply to me at all;Did not apply to me at all;Did not apply to me at all;Did not apply to me at all;Did not apply to me at all;Did not apply to me at all;Did not apply to me at all;Did not apply to me at all;Did not apply to me at all;Did not apply to me at all;Did not apply to me at all;Did not apply to me at all;Did not apply to me at all;Did not apply to me at all;Did not apply to me at all;Did not apply to me at all
5th;21;5 feet 7 inches ;64 kg;Male;Islam;Rural;Rented House or Mess;Join or Extended;1;Others;House Wife;Agree;2,6;1-3 hours;4-6 hours;Single;No;Regularly;yes;No;Nothing ;Agree;Strongly-disagree;Never;Never;No;Never;Very Satisfied;Not at all Interfering;Not at all Noticeable;Not at all;Did not apply to me at all;Did not apply to me at all;Did not apply to me at all;Did not apply to me at all;Did not apply to me at all;Did not apply to me at all;Did not apply to me at all;Did not apply to me at all;Did not apply to me at all;Did not apply to me at all;Did not apply to me at all;Did not apply to me at all;Did not apply to me at all;Did not apply to me at all;Did not apply to me at all;Did not apply to me at all;Did not apply to me at all;Did not apply to me at all;Did not apply to me at all;Did not apply to me at all;Did not apply to me at all
5th;29;5 Feet 5inch;67;Male;Islam;Rural;Rented House or Mess;Nuclear;1;Service Holder;House Wife;Neural;3,75;4-6 hours;4-6 hours;Single;No;Offen;yes;yes;Martial art,  Graphic designer ;Agree;Neutral;Never;Never;No;Never;Satisfied;A little;Not at all Noticeable;Not at all;Did not apply to me at all;Did not apply to me at all;Applied to me to some degree, or some of the time;Applied to me to some degree, or some of the time;Applied to me to a considerable degree or a good part of time;Applied to me to some degree, or some of the time;Did not apply to me at all;Did not apply to me at all;Applied to me to some degree, or some of the time;Applied to me to a considerable degree or a good part of time;Applied to me to a considerable degree or a good part of time;Applied to me to some degree, or some of the time;Applied to me to a considerable degree or a good part of time;Did not apply to me at all;Did not apply to me at all;Did not apply to me at all;Applied to me to some degree, or some of the time;Applied to me to some degree, or some of the time;Applied to me to some degree, or some of the time;Applied to me to some degree, or some of the time;Did not apply to me at all
4th  semester ;21;5 feet 3 inches;40 kg;Female;Islam;Urban;Own House;Nuclear;3;Others;House Wife;Strongly-agree;3,48;4-6 hours;1-3 hours;Single;No;Rarely;yes;No;nothing;Agree;Agree;Never;Never;No;No chance at all;Satisfied;A little;Not at all Noticeable;Somewhat;Did not apply to me at all;Did not apply to me at all;Applied to me to some degree, or some of the time;Applied to me to some degree, or some of the time;Applied to me to a considerable degree or a good part of time;Applied to me to a considerable degree or a good part of time;Did not apply to me at all;Applied to me to some degree, or some of the time;Applied to me to some degree, or some of the time;Did not apply to me at all;Did not apply to me at all;Applied to me to some degree, or some of the time;Applied to me to some degree, or some of the time;Did not apply to me at all;Applied to me to some degree, or some of the time;Applied to me to a considerable degree or a good part of time;Did not apply to me at all;Did not apply to me at all;Applied to me to some degree, or some of the time;Did not apply to me at all;Applied to me to a considerable degree or a good part of time
5th;22;5 feet;56;Female;Islam;Urban;Own House;Join or Extended;1;Business;House Wife;Neural;2,47;1-3 hours;1-3 hours;Single;No;Regularly;yes;No;nothig;Neutral;Neutral;Never;Never;No;Never;Satisfied;A little;Somewhat;Not at all;Did not apply to me at all;Did not apply to me at all;Did not apply to me at all;Did not apply to me at all;Did not apply to me at all;Did not apply to me at all;Did not apply to me at all;Did not apply to me at all;Did not apply to me at all;Did not apply to me at all;Did not apply to me at all;Did not apply to me at all;Did not apply to me at all;Applied to me to some degree, or some of the time;Applied to me to some degree, or some of the time;Applied to me to some degree, or some of the time;Did not apply to me at all;Did not apply to me at all;Did not apply to me at all;Did not apply to me at all;Did not apply to me at all
4;22;5'3;54;Female;Islam;Rural;Rented House or Mess;Join or Extended;1;Business;House Wife;Strongly-agree;3,25;4-6 hours;1-3 hours;Single;No;Regularly;yes;No;No;Agree;Agree;Never;Never;No;Never;Satisfied;A little;Not at all Noticeable;Somewhat;Did not apply to me at all;Did not apply to me at all;Applied to me to some degree, or some of the time;Did not apply to me at all;Applied to me to some degree, or some of the time;Applied to me to some degree, or some of the time;Applied to me to some degree, or some of the time;Applied to me to some degree, or some of the time;Did not apply to me at all;Applied to me to some degree, or some of the time;Did not apply to me at all;Did not apply to me at all;Did not apply to me at all;Applied to me to some degree, or some of the time;Applied to me to some degree, or some of the time;Applied to me to some degree, or some of the time;Applied to me very much or most of the time;Did not apply to me at all;Did not apply to me at all;Applied to me to some degree, or some of the time;Applied to me to some degree, or some of the time
4th;25;"5'7""";75;Male;Islam;Urban;Own House;Nuclear;2;Business;House Wife;Strongly-disagree;3,16;4-6 hours;1-3 hours;Married;Yes;Regularly;yes;No;Nothing ;Agree;Agree;Never;Never;No;Never;Satisfied;A little;Not at all Noticeable;Not at all;Did not apply to me at all;Applied to me to some degree, or some of the time;Applied to me to some degree, or some of the time;Applied to me to some degree, or some of the time;Applied to me to some degree, or some of the time;Applied to me to some degree, or some of the time;Applied to me to some degree, or some of the time;Applied to me to some degree, or some of the time;Applied to me to some degree, or some of the time;Applied to me to some degree, or some of the time;Applied to me to some degree, or some of the time;Applied to me to some degree, or some of the time;Applied to me to some degree, or some of the time;Applied to me to some degree, or some of the time;Applied to me to some degree, or some of the time;Applied to me to some degree, or some of the time;Applied to me to some degree, or some of the time;Applied to me to some degree, or some of the time;Applied to me to some degree, or some of the time;Applied to me to some degree, or some of the time;Applied to me to some degree, or some of the time
3rd;23;"5.8""";78 kg;Male;Islam;Urban;Own House;Nuclear;O;Service Holder;Service Holder;Agree;3,01;1-3 hours;4-6 hours;Single;No;Regularly;yes;No;Nothing ;Neutral;Neutral;Never;Never;No;Never;Very Dissatisfied;A little;Much;Much;Did not apply to me at all;Did not apply to me at all;Did not apply to me at all;Applied to me to a considerable degree or a good part of time;Did not apply to me at all;Did not apply to me at all;Did not apply to me at all;Did not apply to me at all;Did not apply to me at all;Did not apply to me at all;Did not apply to me at all;Did not apply to me at all;Did not apply to me at all;Did not apply to me at all;Did not apply to me at all;Did not apply to me at all;Did not apply to me at all;Did not apply to me at all;Did not apply to me at all;Did not apply to me at all;Did not apply to me at all
5th;21;6feet;74kg;Male;Islam;Rural;Hall;Join or Extended;0;Others;House Wife;Neural;3,26;4-6 hours;4-6 hours;Single;No;Offen;yes;yes;Programing ;Neutral;Neutral;Never;Never;No;Never;Very Satisfied;Somewhat;Somewhat;Not at all;Applied to me very much or most of the time;Did not apply to me at all;Did not apply to me at all;Did not apply to me at all;Applied to me very much or most of the time;Did not apply to me at all;Did not apply to me at all;Did not apply to me at all;Did not apply to me at all;Did not apply to me at all;Did not apply to me at all;Did not apply to me at all;Did not apply to me at all;Did not apply to me at all;Did not apply to me at all;Did not apply to me at all;Did not apply to me at all;Did not apply to me at all;Did not apply to me at all;Did not apply to me at all;Did not apply to me at all
5th;24;5.4 Feet;65;Male;Islam;Urban;Rented House or Mess;Nuclear;1;Service Holder;House Wife;Strongly-agree;3,73;4-6 hours;1-3 hours;Single;No;Offen;yes;yes;web design and development. ;Neutral;Neutral;Never;Never;No;Never;Moderately Satisfied;A little;Barely;Barely;Did not apply to me at all;Did not apply to me at all;Did not apply to me at all;Did not apply to me at all;Did not apply to me at all;Did not apply to me at all;Did not apply to me at all;Did not apply to me at all;Did not apply to me at all;Did not apply to me at all;Did not apply to me at all;Did not apply to me at all;Did not apply to me at all;Did not apply to me at all;Did not apply to me at all;Did not apply to me at all;Did not apply to me at all;Did not apply to me at all;Did not apply to me at all;Did not apply to me at all;Did not apply to me at all
5th;22;5 feet 13 inches;67kg;Male;Islam;Rural;Rented House or Mess;Join or Extended;4;Business;Others;Agree;3,53;4-6 hours;4-6 hours;Single;No;Rarely;yes;yes;Football, Cricket.;Agree;Agree;It was just a brief passing thought;Never;No;Never;Satisfied;Not at all Interfering;Not at all Noticeable;Not at all;Did not apply to me at all;Applied to me to some degree, or some of the time;Did not apply to me at all;Applied to me to some degree, or some of the time;Applied to me to some degree, or some of the time;Did not apply to me at all;Applied to me to some degree, or some of the time;Did not apply to me at all;Did not apply to me at all;Did not apply to me at all;Applied to me to some degree, or some of the time;Applied to me to some degree, or some of the time;Applied to me to some degree, or some of the time;Applied to me to some degree, or some of the time;Applied to me to some degree, or some of the time;Applied to me to some degree, or some of the time;Applied to me to some degree, or some of the time;Applied to me to some degree, or some of the time;Applied to me to some degree, or some of the time;Applied to me to some degree, or some of the time;Applied to me to some degree, or some of the time
5th;23;"5.7""";64;Male;Islam;Rural;Rented House or Mess;Join or Extended;1;Others;House Wife;Strongly-agree;3,19;1-3 hours;4-6 hours;Single;No;Regularly;yes;No;No;Agree;Agree;I have attempted to kill myself, but did not want to die;Never;No;Never;Dissatisfied;A little;Somewhat;Somewhat;Applied to me to some degree, or some of the time;Applied to me to some degree, or some of the time;Applied to me to some degree, or some of the time;Did not apply to me at all;Applied to me to some degree, or some of the time;Applied to me to some degree, or some of the time;Applied to me to some degree, or some of the time;Applied to me to some degree, or some of the time;Applied to me to some degree, or some of the time;Applied to me to some degree, or some of the time;Applied to me to some degree, or some of the time;Applied to me to some degree, or some of the time;Applied to me to some degree, or some of the time;Applied to me to some degree, or some of the time;Applied to me to some degree, or some of the time;Applied to me to some degree, or some of the time;Applied to me to some degree, or some of the time;Applied to me to some degree, or some of the time;Applied to me to some degree, or some of the time;Applied to me to some degree, or some of the time;Applied to me to some degree, or some of the time
5th;23;5feet 11 inches ;68;Male;Islam;Rural;Rented House or Mess;Nuclear;1;Business;House Wife;Agree;3,7;1-3 hours;4-6 hours;Engaged;Yes;Offen;No;No;Nothing;Agree;Agree;Never;Never;No;Never;Moderately Satisfied;Somewhat;Somewhat;Barely;Did not apply to me at all;Did not apply to me at all;Did not apply to me at all;Did not apply to me at all;Did not apply to me at all;Applied to me very much or most of the time;Did not apply to me at all;Did not apply to me at all;Did not apply to me at all;Did not apply to me at all;Did not apply to me at all;Applied to me to some degree, or some of the time;Did not apply to me at all;Applied to me to a considerable degree or a good part of time;Applied to me to a considerable degree or a good part of time;Did not apply to me at all;Did not apply to me at all;Did not apply to me at all;Did not apply to me at all;Did not apply to me at all;Did not apply to me at all
5th;22;5 feet;44 kg;Female;Islam;Urban;Own House;Nuclear;2;Service Holder;House Wife;Neural;3,46;1-3 hours;1-3 hours;Engaged;No;Regularly;No;No;Nothing;Neutral;Agree;Never;Never;No;Never;Dissatisfied;Much;Not at all Noticeable;Much;Did not apply to me at all;Applied to me very much or most of the time;Applied to me very much or most of the time;Applied to me very much or most of the time;Applied to me very much or most of the time;Applied to me very much or most of the time;Applied to me to a considerable degree or a good part of time;Applied to me very much or most of the time;Applied to me very much or most of the time;Applied to me to some degree, or some of the time;Applied to me very much or most of the time;Applied to me very much or most of the time;Applied to me very much or most of the time;Applied to me to some degree, or some of the time;Applied to me to a considerable degree or a good part of time;Did not apply to me at all;Applied to me very much or most of the time;Applied to me very much or most of the time;Applied to me very much or most of the time;Applied to me to a considerable degree or a good part of time;Applied to me to a considerable degree or a good part of time
7th;23;5’4”;58kg;Female;Islam;Urban;Rented House or Mess;Nuclear;6;Service Holder;House Wife;Agree;3,09;1-3 hours;4-6 hours;Single;No;Rarely;yes;yes;Dance ;Agree;Agree;It was just a brief passing thought;Often (3-4 times);Yes, more than once, but did not want to do it;Rather Unlikely;Satisfied;Not at all Interfering;Not at all Noticeable;Not at all;Did not apply to me at all;Did not apply to me at all;Applied to me to a considerable degree or a good part of time;Applied to me to some degree, or some of the time;Applied to me to a considerable degree or a good part of time;Applied to me to some degree, or some of the time;Did not apply to me at all;Did not apply to me at all;Applied to me to some degree, or some of the time;Applied to me to some degree, or some of the time;Did not apply to me at all;Did not apply to me at all;Did not apply to me at all;Did not apply to me at all;Applied to me to a considerable degree or a good part of time;Applied to me to some degree, or some of the time;Applied to me to some degree, or some of the time;Did not apply to me at all;Did not apply to me at all;Did not apply to me at all;Did not apply to me at all
5th Semester;22;5 feet 2 inches;48 kg;Female;Islam;Rural;Rented House or Mess;Nuclear;2;Service Holder;House Wife;Strongly-agree;2,69;4-6 hours;1-3 hours;Single;No;Regularly;yes;No;Nothing;Agree;Agree;Never;Never;No;Never;Satisfied;Not at all Interfering;Not at all Noticeable;Not at all;Did not apply to me at all;Did not apply to me at all;Applied to me to some degree, or some of the time;Did not apply to me at all;Applied to me to some degree, or some of the time;Did not apply to me at all;Applied to me to some degree, or some of the time;Applied to me very much or most of the time;Applied to me very much or most of the time;Applied to me to some degree, or some of the time;Applied to me to some degree, or some of the time;Applied to me to some degree, or some of the time;Applied to me to some degree, or some of the time;Applied to me to some degree, or some of the time;Applied to me to some degree, or some of the time;Applied to me to some degree, or some of the time;Did not apply to me at all;Applied to me to some degree, or some of the time;Did not apply to me at all;Applied to me to some degree, or some of the time;Did not apply to me at all
5th;23;5feet 4inch;65;Male;Islam;Urban;Rented House or Mess;Nuclear;3;Service Holder;House Wife;Neural;2,84;4-6 hours;4-6 hours;Single;No;Offen;No;No;No ;Neutral;Neutral;I have had a plan at least once to kill myself but did not try to do it;Never;No;Never;Moderately Satisfied;Somewhat;Somewhat;Much;Applied to me to some degree, or some of the time;Applied to me to some degree, or some of the time;Applied to me to some degree, or some of the time;Did not apply to me at all;Applied to me to a considerable degree or a good part of time;Applied to me to a considerable degree or a good part of time;Applied to me to some degree, or some of the time;Applied to me to some degree, or some of the time;Applied to me to some degree, or some of the time;Applied to me to some degree, or some of the time;Applied to me to some degree, or some of the time;Applied to me to some degree, or some of the time;Applied to me to some degree, or some of the time;Applied to me to some degree, or some of the time;Applied to me to a considerable degree or a good part of time;Applied to me to some degree, or some of the time;Applied to me to a considerable degree or a good part of time;Applied to me to a considerable degree or a good part of time;Applied to me to some degree, or some of the time;Applied to me to some degree, or some of the time;Applied to me to some degree, or some of the time
5th;22;5 feet 6.5 inch;55;Male;Islam;Urban;Rented House or Mess;Join or Extended;1;Business;House Wife;Strongly-agree;3,03;1-3 hours;1-3 hours;Single;Yes;Rarely;No;No;NO;Neutral;Agree;I have attempted to kill myself, and really hoped to die;Never;No;Rather Unlikely;Very Dissatisfied;Much;Much;Somewhat;Applied to me to some degree, or some of the time;Applied to me to some degree, or some of the time;Applied to me to some degree, or some of the time;Applied to me to some degree, or some of the time;Applied to me to some degree, or some of the time;Applied to me to some degree, or some of the time;Applied to me to some degree, or some of the time;Applied to me to some degree, or some of the time;Applied to me to some degree, or some of the time;Applied to me to some degree, or some of the time;Applied to me to some degree, or some of the time;Applied to me to some degree, or some of the time;Applied to me to some degree, or some of the time;Applied to me to some degree, or some of the time;Applied to me to some degree, or some of the time;Applied to me to some degree, or some of the time;Applied to me to some degree, or some of the time;Applied to me to some degree, or some of the time;Applied to me to some degree, or some of the time;Applied to me to some degree, or some of the time;Applied to me to some degree, or some of the time
8th;23;5'10'';65kg;Male;Islam;Rural;Rented House or Mess;Join or Extended;1;Others;House Wife;Strongly-agree;3,65;1-3 hours;4-6 hours;Single;Yes;Offen;yes;yes;Freelancing ;Agree;dis-agree;Never;Never;No;Never;Satisfied;A little;Somewhat;Not at all;Did not apply to me at all;Did not apply to me at all;Did not apply to me at all;Did not apply to me at all;Did not apply to me at all;Applied to me to some degree, or some of the time;Did not apply to me at all;Applied to me to some degree, or some of the time;Did not apply to me at all;Did not apply to me at all;Did not apply to me at all;Did not apply to me at all;Did not apply to me at all;Did not apply to me at all;Did not apply to me at all;Did not apply to me at all;Did not apply to me at all;Did not apply to me at all;Did not apply to me at all;Applied to me to some degree, or some of the time;Did not apply to me at all
5th;22;5,5;68;Male;Islam;Urban;Rented House or Mess;Nuclear;1;Others;House Wife;Strongly-agree;2,94;4-6 hours;1-3 hours;Single;No;Regularly;yes;yes;i am not understand this question;Neutral;Agree;I have had a plan at least once to kill myself and really wanted to die;Never;Yes, at one time, and really wanted to do it;Never;Very Satisfied;Not at all Interfering;Somewhat;Not at all;Did not apply to me at all;Did not apply to me at all;Applied to me to a considerable degree or a good part of time;Applied to me to some degree, or some of the time;Did not apply to me at all;Applied to me to a considerable degree or a good part of time;Applied to me to some degree, or some of the time;Did not apply to me at all;Did not apply to me at all;Applied to me to some degree, or some of the time;Did not apply to me at all;Applied to me to some degree, or some of the time;Did not apply to me at all;Applied to me very much or most of the time;Applied to me very much or most of the time;Did not apply to me at all;Applied to me to a considerable degree or a good part of time;Did not apply to me at all;Applied to me very much or most of the time;Did not apply to me at all;Did not apply to me at all
5th;22;5 feet;52 kg;Female;Islam;Rural;Rented House or Mess;Nuclear;1;Business;House Wife;Strongly-agree;3,81;1-3 hours;7-9 hours;Single;No;Offen;yes;No;No;Neutral;Neutral;Never;Never;No;Never;Satisfied;A little;Barely;Barely;Applied to me to some degree, or some of the time;Applied to me to some degree, or some of the time;Applied to me to some degree, or some of the time;Applied to me very much or most of the time;Applied to me to some degree, or some of the time;Applied to me to some degree, or some of the time;Applied to me to some degree, or some of the time;Applied to me to some degree, or some of the time;Applied to me to some degree, or some of the time;Applied to me to some degree, or some of the time;Applied to me to some degree, or some of the time;Applied to me to some degree, or some of the time;Did not apply to me at all;Did not apply to me at all;Applied to me to some degree, or some of the time;Applied to me to some degree, or some of the time;Applied to me very much or most of the time;Applied to me to some degree, or some of the time;Did not apply to me at all;Applied to me to a considerable degree or a good part of time;Applied to me to a considerable degree or a good part of time
5th;20;5 feet 2 inch;56;Female;Islam;Urban;Rented House or Mess;Nuclear;2;Service Holder;House Wife;Agree;3,6;1-3 hours;4-6 hours;Single;No;Offen;yes;yes;Dance;Neutral;Neutral;I have had a plan at least once to kill myself and really wanted to die;Sometimes (2 times);No;Rather Unlikely;Moderately Satisfied;A little;Barely;Somewhat;Applied to me very much or most of the time;Did not apply to me at all;Applied to me to some degree, or some of the time;Did not apply to me at all;Applied to me to some degree, or some of the time;Applied to me to some degree, or some of the time;Applied to me to some degree, or some of the time;Applied to me to a considerable degree or a good part of time;Applied to me to some degree, or some of the time;Applied to me to some degree, or some of the time;Applied to me to some degree, or some of the time;Applied to me to some degree, or some of the time;Applied to me to some degree, or some of the time;Applied to me to some degree, or some of the time;Applied to me to some degree, or some of the time;Applied to me to some degree, or some of the time;Applied to me to some degree, or some of the time;Did not apply to me at all;Applied to me to some degree, or some of the time;Applied to me to some degree, or some of the time;Applied to me to some degree, or some of the time
5th;22;"5'5""";60;Male;Islam;Rural;Rented House or Mess;Join or Extended;4;Business;House Wife;Strongly-agree;3,4;1-3 hours;1-3 hours;Single;No;Regularly;yes;yes;Beginner in web development ;Agree;Agree;Never;Never;No;Never;Satisfied;A little;Not at all Noticeable;Not at all;Did not apply to me at all;Did not apply to me at all;Did not apply to me at all;Did not apply to me at all;Did not apply to me at all;Did not apply to me at all;Did not apply to me at all;Did not apply to me at all;Did not apply to me at all;Did not apply to me at all;Did not apply to me at all;Did not apply to me at all;Did not apply to me at all;Did not apply to me at all;Did not apply to me at all;Did not apply to me at all;Did not apply to me at all;Did not apply to me at all;Did not apply to me at all;Did not apply to me at all;Did not apply to me at all
Last;24;5,5;58;Male;Islam;Rural;Rented House or Mess;Join or Extended;1;Others;House Wife;Strongly-agree;3,1;1-3 hours;1-3 hours;Single;Yes;Regularly;yes;yes;No idea;Agree;Agree;I have attempted to kill myself, but did not want to die;Often (3-4 times);Yes, more than once, but did not want to do it;Likely;Dissatisfied;Much;Much;Much;Applied to me to a considerable degree or a good part of time;Applied to me to a considerable degree or a good part of time;Applied to me to a considerable degree or a good part of time;Applied to me to a considerable degree or a good part of time;Applied to me to some degree, or some of the time;Applied to me very much or most of the time;Applied to me very much or most of the time;Applied to me very much or most of the time;Applied to me very much or most of the time;Applied to me very much or most of the time;Applied to me very much or most of the time;Applied to me to a considerable degree or a good part of time;Applied to me to a considerable degree or a good part of time;Applied to me to a considerable degree or a good part of time;Applied to me very much or most of the time;Applied to me very much or most of the time;Applied to me to a considerable degree or a good part of time;Applied to me to a considerable degree or a good part of time;Applied to me to a considerable degree or a good part of time;Applied to me to a considerable degree or a good part of time;Applied to me to a considerable degree or a good part of time
4;20 years 9 months 30 days;5 feet 3 inch;42;Female;Islam;Urban;Rented House or Mess;Nuclear;1;Business;House Wife;Strongly-disagree;3,52;1-3 hours;1-3 hours;Single;No;Offen;No;yes;competetive programming classes;Agree;Agree;Never;Never;No;Never;Satisfied;A little;Not at all Noticeable;Not at all;Did not apply to me at all;Applied to me very much or most of the time;Applied to me very much or most of the time;Did not apply to me at all;Did not apply to me at all;Did not apply to me at all;Did not apply to me at all;Did not apply to me at all;Did not apply to me at all;Did not apply to me at all;Did not apply to me at all;Did not apply to me at all;Did not apply to me at all;Did not apply to me at all;Did not apply to me at all;Did not apply to me at all;Did not apply to me at all;Did not apply to me at all;Did not apply to me at all;Did not apply to me at all;Did not apply to me at all
4;19 years 11 months 24 days;5 feet 4 inch;65;Male;Islam;Rural;Own House;Nuclear;1;Business;House Wife;Strongly-disagree;3,82;4-6 hours;1-3 hours;Single;No;Regularly;yes;yes;Competetive Programming, Youtube Learnig;Strongly_disagree;Strongly-disagree;Never;Never;No;Never;Very Satisfied;Not at all Interfering;Not at all Noticeable;Not at all;Did not apply to me at all;Did not apply to me at all;Did not apply to me at all;Did not apply to me at all;Did not apply to me at all;Did not apply to me at all;Did not apply to me at all;Did not apply to me at all;Did not apply to me at all;Did not apply to me at all;Did not apply to me at all;Did not apply to me at all;Did not apply to me at all;Did not apply to me at all;Did not apply to me at all;Did not apply to me at all;Did not apply to me at all;Did not apply to me at all;Did not apply to me at all;Did not apply to me at all;Did not apply to me at all
7;24;5,5;88;Male;Islam;Rural;Rented House or Mess;Join or Extended;0;Others;Others;Agree;2,8;1-3 hours;1-3 hours;Single;No;Regularly;yes;No;No;Neutral;Neutral;Never;Never;No;Never;Satisfied;A little;Barely;Not at all;Did not apply to me at all;Did not apply to me at all;Did not apply to me at all;Did not apply to me at all;Did not apply to me at all;Did not apply to me at all;Did not apply to me at all;Did not apply to me at all;Did not apply to me at all;Did not apply to me at all;Did not apply to me at all;Did not apply to me at all;Did not apply to me at all;Did not apply to me at all;Did not apply to me at all;Did not apply to me at all;Did not apply to me at all;Did not apply to me at all;Did not apply to me at all;Did not apply to me at all;Did not apply to me at all
7th;22;1.5feet;95;Male;Islam;Rural;Own House;Join or Extended;1;Service Holder;House Wife;Agree;3,94;7-9 hours;4-6 hours;Single;No;Offen;yes;yes;Photography ;Agree;Agree;Never;Never;No;Never;Moderately Satisfied;Much;Somewhat;Somewhat;Applied to me to a considerable degree or a good part of time;Applied to me to a considerable degree or a good part of time;Applied to me to a considerable degree or a good part of time;Applied to me to a considerable degree or a good part of time;Applied to me to a considerable degree or a good part of time;Applied to me very much or most of the time;Applied to me to a considerable degree or a good part of time;Applied to me to some degree, or some of the time;Applied to me to a considerable degree or a good part of time;Applied to me to a considerable degree or a good part of time;Applied to me to some degree, or some of the time;Applied to me to a considerable degree or a good part of time;Applied to me very much or most of the time;Applied to me to a considerable degree or a good part of time;Applied to me very much or most of the time;Applied to me to some degree, or some of the time;Applied to me very much or most of the time;Applied to me very much or most of the time;Applied to me to a considerable degree or a good part of time;Applied to me very much or most of the time;Applied to me to some degree, or some of the time
7th;23;6 feet;61 kg;Male;Islam;Urban;Rented House or Mess;Join or Extended;1;Others;House Wife;Strongly-disagree;3,45;1-3 hours;4-6 hours;Single;Yes;Regularly;No;yes;SEO Expert;Dis-agree;dis-agree;Never;Never;No;Never;Dissatisfied;A little;Barely;Barely;Did not apply to me at all;Did not apply to me at all;Did not apply to me at all;Did not apply to me at all;Applied to me to some degree, or some of the time;Did not apply to me at all;Did not apply to me at all;Applied to me to a considerable degree or a good part of time;Applied to me to some degree, or some of the time;Applied to me to some degree, or some of the time;Applied to me to some degree, or some of the time;Did not apply to me at all;Applied to me to some degree, or some of the time;Did not apply to me at all;Did not apply to me at all;Did not apply to me at all;Applied to me to a considerable degree or a good part of time;Applied to me to some degree, or some of the time;Did not apply to me at all;Did not apply to me at all;Applied to me to some degree, or some of the time
4th;25;"5'7""";61,5;Male;Islam;Urban;Rented House or Mess;Join or Extended;3;Service Holder;House Wife;Strongly-agree;3,5;1-3 hours;4-6 hours;Single;Yes;Offen;No;No;N;Agree;Strongly-agree;I have attempted to kill myself, but did not want to die;Very Often (5 or more times);Yes, more than once, but did not want to do it;Likely;Moderately Satisfied;Somewhat;Much;Much;Did not apply to me at all;Applied to me to some degree, or some of the time;Applied to me to some degree, or some of the time;Applied to me to some degree, or some of the time;Applied to me to some degree, or some of the time;Applied to me to some degree, or some of the time;Applied to me to some degree, or some of the time;Applied to me to some degree, or some of the time;Applied to me to some degree, or some of the time;Applied to me to some degree, or some of the time;Applied to me to some degree, or some of the time;Applied to me to some degree, or some of the time;Applied to me to some degree, or some of the time;Applied to me to some degree, or some of the time;Applied to me to some degree, or some of the time;Applied to me to some degree, or some of the time;Applied to me to some degree, or some of the time;Applied to me to some degree, or some of the time;Applied to me to some degree, or some of the time;Applied to me to some degree, or some of the time;Applied to me to a considerable degree or a good part of time
"5'2""";23;"5'2""";55;Female;Islam;Urban;Rented House or Mess;Join or Extended;7;Farmer;House Wife;Neural;3,17;1-3 hours;1-3 hours;Single;No;Offen;yes;yes;Yes;Agree;Agree;It was just a brief passing thought;Rarely (1 time);No;Never;Satisfied;A little;Not at all Noticeable;Not at all;Did not apply to me at all;Applied to me to some degree, or some of the time;Applied to me to some degree, or some of the time;Applied to me to some degree, or some of the time;Did not apply to me at all;Applied to me to some degree, or some of the time;Did not apply to me at all;Applied to me to some degree, or some of the time;Applied to me to some degree, or some of the time;Applied to me to some degree, or some of the time;Did not apply to me at all;Applied to me very much or most of the time;Applied to me to a considerable degree or a good part of time;Applied to me very much or most of the time;Applied to me to some degree, or some of the time;Did not apply to me at all;Applied to me to a considerable degree or a good part of time;Did not apply to me at all;Applied to me to some degree, or some of the time;Did not apply to me at all;Did not apply to me at all
5th;21;5 feet 5 inch;72 kg;Male;Islam;Rural;Rented House or Mess;Nuclear;1;Service Holder;House Wife;Agree;2,83;1-3 hours;1-3 hours;Single;No;Regularly;yes;No;No;Neutral;Neutral;Never;Never;No;Never;Satisfied;A little;Not at all Noticeable;Not at all;Did not apply to me at all;Did not apply to me at all;Did not apply to me at all;Did not apply to me at all;Did not apply to me at all;Did not apply to me at all;Did not apply to me at all;Did not apply to me at all;Did not apply to me at all;Did not apply to me at all;Did not apply to me at all;Did not apply to me at all;Did not apply to me at all;Did not apply to me at all;Did not apply to me at all;Did not apply to me at all;Did not apply to me at all;Did not apply to me at all;Did not apply to me at all;Applied to me to some degree, or some of the time;Did not apply to me at all
5th;23;5 feet 8 inch;55;Male;Islam;Rural;Rented House or Mess;Join or Extended;3;Farmer;House Wife;Neural;3,49;1-3 hours;1-3 hours;Single;No;Offen;yes;yes;web development,problem solving;Agree;Agree;Never;Never;No;Never;Satisfied;Not at all Interfering;Not at all Noticeable;Not at all;Did not apply to me at all;Did not apply to me at all;Did not apply to me at all;Did not apply to me at all;Did not apply to me at all;Did not apply to me at all;Did not apply to me at all;Did not apply to me at all;Did not apply to me at all;Did not apply to me at all;Did not apply to me at all;Did not apply to me at all;Did not apply to me at all;Did not apply to me at all;Did not apply to me at all;Did not apply to me at all;Did not apply to me at all;Did not apply to me at all;Did not apply to me at all;Did not apply to me at all;Did not apply to me at all
4th;23;5,9;59 kg;Male;Islam;Rural;Rented House or Mess;Join or Extended;4;Service Holder;House Wife;Neural;3,56;1-3 hours;1-3 hours;Engaged;Yes;Offen;No;yes;Marathon, AAA GAMING;Agree;Agree;Never;Never;No;No chance at all;Very Dissatisfied;Somewhat;Somewhat;Somewhat;Applied to me to a considerable degree or a good part of time;Applied to me to some degree, or some of the time;Applied to me to some degree, or some of the time;Did not apply to me at all;Applied to me to some degree, or some of the time;Did not apply to me at all;Did not apply to me at all;Did not apply to me at all;Applied to me to some degree, or some of the time;Did not apply to me at all;Applied to me to some degree, or some of the time;Applied to me to some degree, or some of the time;Applied to me to some degree, or some of the time;Applied to me to some degree, or some of the time;Applied to me to some degree, or some of the time;Applied to me to a considerable degree or a good part of time;Applied to me to some degree, or some of the time;Applied to me to some degree, or some of the time;Applied to me to some degree, or some of the time;Did not apply to me at all;Did not apply to me at all
8th as per old ID. 4th as per new ID. I have changed my department.;24;5 feet 1 inches;49 kg;Female;Islam;Urban;Rented House or Mess;Join or Extended;1;Service Holder;House Wife;Agree;3,5;1-3 hours;1-3 hours;Single;No;Regularly;yes;yes;Pencil sketch ;Neutral;Agree;Never;Never;No;Never;Very Dissatisfied;Somewhat;Not at all Noticeable;Somewhat;Did not apply to me at all;Did not apply to me at all;Did not apply to me at all;Applied to me to some degree, or some of the time;Applied to me to some degree, or some of the time;Did not apply to me at all;Applied to me to some degree, or some of the time;Did not apply to me at all;Applied to me to some degree, or some of the time;Did not apply to me at all;Applied to me to some degree, or some of the time;Applied to me to some degree, or some of the time;Applied to me to some degree, or some of the time;Did not apply to me at all;Did not apply to me at all;Applied to me to some degree, or some of the time;Applied to me to some degree, or some of the time;Applied to me to a considerable degree or a good part of time;Applied to me to some degree, or some of the time;Did not apply to me at all;Applied to me to some degree, or some of the time
10th;21;5’8”;70;Male;Islam;Urban;Rented House or Mess;Nuclear;3;Business;House Wife;Strongly-agree;3,87;1-3 hours;4-6 hours;Single;No;Regularly;yes;yes;Acting;Agree;Agree;Never;Never;No;Never;Satisfied;A little;Barely;Barely;Did not apply to me at all;Did not apply to me at all;Did not apply to me at all;Did not apply to me at all;Did not apply to me at all;Did not apply to me at all;Did not apply to me at all;Applied to me to some degree, or some of the time;Applied to me to some degree, or some of the time;Applied to me to some degree, or some of the time;Did not apply to me at all;Applied to me to some degree, or some of the time;Applied to me to some degree, or some of the time;Applied to me to some degree, or some of the time;Applied to me to some degree, or some of the time;Applied to me to some degree, or some of the time;Did not apply to me at all;Did not apply to me at all;Did not apply to me at all;Applied to me to some degree, or some of the time;Applied to me to some degree, or some of the time
9th;23;5 feet;59 kg;Female;Islam;Rural;Rented House or Mess;Nuclear;2;Service Holder;House Wife;Strongly-agree;2,84;1-3 hours;4-6 hours;Single;No;Rarely;yes;No;Nothing ;Agree;Neutral;Never;Never;No;Never;Moderately Satisfied;A little;Very Much Noticeable;Somewhat;Did not apply to me at all;Applied to me to some degree, or some of the time;Applied to me to some degree, or some of the time;Applied to me to some degree, or some of the time;Applied to me to some degree, or some of the time;Did not apply to me at all;Did not apply to me at all;Applied to me very much or most of the time;Applied to me very much or most of the time;Applied to me to some degree, or some of the time;Applied to me to some degree, or some of the time;Applied to me to some degree, or some of the time;Applied to me to some degree, or some of the time;Applied to me to some degree, or some of the time;Applied to me to some degree, or some of the time;Applied to me to some degree, or some of the time;Did not apply to me at all;Did not apply to me at all;Applied to me to some degree, or some of the time;Applied to me to some degree, or some of the time;Applied to me to some degree, or some of the time
4th;22;5 feet 5 inches ;61;Male;Islam;Rural;Rented House or Mess;Nuclear;1;Business;Others;Dis-agree;3,89;1-3 hours;1-3 hours;Engaged;Yes;Offen;yes;yes;Tution, playing physical sports, competitive programing ;Agree;Strongly-agree;Never;Never;No;Never;Moderately Satisfied;A little;Somewhat;Somewhat;Applied to me to some degree, or some of the time;Did not apply to me at all;Did not apply to me at all;Did not apply to me at all;Applied to me to some degree, or some of the time;Applied to me to some degree, or some of the time;Applied to me to some degree, or some of the time;Applied to me to some degree, or some of the time;Applied to me to some degree, or some of the time;Did not apply to me at all;Did not apply to me at all;Applied to me to some degree, or some of the time;Applied to me to a considerable degree or a good part of time;Applied to me to some degree, or some of the time;Applied to me to some degree, or some of the time;Applied to me to some degree, or some of the time;Applied to me to some degree, or some of the time;Applied to me to some degree, or some of the time;Applied to me to some degree, or some of the time;Did not apply to me at all;Applied to me to some degree, or some of the time
7th;22;5;55;Female;Hindu;Urban;Own House;Nuclear;1;Others;House Wife;Strongly-agree;3,05;1-3 hours;1-3 hours;Single;No;Rarely;yes;yes;Dancing ;Neutral;Neutral;Never;Never;No;Never;Dissatisfied;Somewhat;Somewhat;Not at all;Did not apply to me at all;Did not apply to me at all;Did not apply to me at all;Did not apply to me at all;Did not apply to me at all;Did not apply to me at all;Did not apply to me at all;Did not apply to me at all;Did not apply to me at all;Did not apply to me at all;Did not apply to me at all;Did not apply to me at all;Did not apply to me at all;Did not apply to me at all;Did not apply to me at all;Did not apply to me at all;Did not apply to me at all;Did not apply to me at all;Did not apply to me at all;Did not apply to me at all;Did not apply to me at all
5th;21;5feet 3inches;55kg;Male;Islam;Urban;Rented House or Mess;Nuclear;2;Farmer;House Wife;Neural;3;1-3 hours;1-3 hours;Single;No;Offen;No;yes;Part time job for often ;Strongly_disagree;Agree;I have had a plan at least once to kill myself and really wanted to die;Very Often (5 or more times);No;No chance at all;Dissatisfied;Somewhat;Much;Very Much;Did not apply to me at all;Did not apply to me at all;Did not apply to me at all;Applied to me to a considerable degree or a good part of time;Applied to me to a considerable degree or a good part of time;Applied to me to some degree, or some of the time;Applied to me very much or most of the time;Did not apply to me at all;Did not apply to me at all;Applied to me to a considerable degree or a good part of time;Applied to me to a considerable degree or a good part of time;Applied to me to some degree, or some of the time;Applied to me very much or most of the time;Applied to me to a considerable degree or a good part of time;Applied to me to some degree, or some of the time;Applied to me to some degree, or some of the time;Applied to me to some degree, or some of the time;Applied to me to a considerable degree or a good part of time;Applied to me very much or most of the time;Applied to me to a considerable degree or a good part of time;Applied to me to some degree, or some of the time
9th;21;5,4;61;Female;Islam;Urban;Own House;Nuclear;2;Business;House Wife;Agree;3,4;4-6 hours;1-3 hours;Single;No;Regularly;yes;yes;sewing work;Agree;Agree;Never;Never;No;Never;Satisfied;Somewhat;Somewhat;Somewhat;Applied to me to some degree, or some of the time;Applied to me to some degree, or some of the time;Applied to me to some degree, or some of the time;Applied to me to some degree, or some of the time;Applied to me to some degree, or some of the time;Applied to me to some degree, or some of the time;Applied to me to some degree, or some of the time;Applied to me to some degree, or some of the time;Applied to me to some degree, or some of the time;Applied to me to some degree, or some of the time;Applied to me to some degree, or some of the time;Applied to me to some degree, or some of the time;Applied to me to some degree, or some of the time;Applied to me to some degree, or some of the time;Did not apply to me at all;Did not apply to me at all;Did not apply to me at all;Applied to me to some degree, or some of the time;Applied to me to some degree, or some of the time;Did not apply to me at all;Did not apply to me at all